Workbook

Sheet 안내
A1: 작은 섬의 영주 — 카드 목록 v0.6.6
A3: 시트 | B3: 내용
A4: 카드 목록 | B4: 카드 은행 161장(일반 137 · 카드사 24). 한 줄이 카드 한 장. "기본 덱"이 Y인 45장이 실제 게임에서 뽑혀요.
A5: 선택지별 성향 점수 | B5: 선택지 374개의 위험·시간·판단 점수. 음수는 안정/현재/자기판단 쪽, 양수는 도전/미래/타인참조 쪽. 어색한 점수는 노란 "검토 의견" 칸에 적어 주세요.
A6: 개념별 카드 수 | B6: 금융 개념마다 카드가 몇 장인지(수식으로 자동 계산). 얇은 개념에 새 카드를 우선 제안해 주세요.
A7: 새 카드 제안 | B7: 새 시나리오를 적는 칸. 예시 한 줄을 참고해 노란 칸을 채워 주세요.
A8: 순찰 소문 · 추가 선택지 | B8: v0.6 새 기능. 기본 덱 33장에 "순찰을 돌면 듣는 소문"이 붙었고, 그중 6장은 순찰 정중앙 성공 때 ✨추가 선택지가 열려요. 추가 선택지 효과 수치는 초안이라 노란 칸에 의견을 적어 주세요.
A10: 노란 칸 | B10: 팀원이 직접 적는 칸이에요. 나머지는 게임 데이터에서 옮겨 온 값이라 고치지 말아 주세요.
A11: 카드 작성 규칙 | B11: 상황은 2~3문장, 10~12세 어휘, 금융 용어 금지(할부·이자 같은 말은 선생님용 해설에서만). 선택지는 2~3개, 정답이 너무 뻔하지 않게.
A13: 게임 연결 (v0.6.6) | B13: 게임 v0.6.6은 data 폴더의 v2 파일을 읽어요. 파일로 열면 cards_bundle_v2.js, 웹 서버로 열면 cards_core_v2.json · cards_cardco_v2.json · deck_v2.json. 이 엑셀의 카드 161장 · 순찰 소문 33장 · 추가 선택지 6장은 v2 파일과 똑같아요(2026-10-06 대조).
A14: v0.6.6에서 바뀐 것 | B14: 카드 데이터는 v0.6.5와 같아요(카드 161장 · 순찰 소문 33장 · 추가 선택지 6장, 성향 점수 모두 그대로). 바뀐 건 게임 화면이에요 — 섬 장면을 320×180 픽셀로 새로 그렸고(scene_v2.html), 새로 지은 건물이 하늘에서 떨어져요. 플레이 중 섬은 늘 같은 자리·크기로 고정되고, 휴대폰에서 시작·동료 선택·플레이 화면에 스크롤이 생기지 않아요. 자세한 건 팀공유가이드 v0.6.6을 보세요.
A15: v0.6.5에서 바뀐 것 | B15: 카드 데이터는 v0.6.3과 같아요. 바뀐 건 게임 화면이에요 — 섬 장면 아래 프롬프트로 정보를 한 장씩 보여 주고, 휴대폰에서도 스크롤이 생기지 않아요. 자세한 건 팀공유가이드 v0.6.5를 보세요.

Sheet 카드 목록
A1: 카드 ID | B1: 구분 | C1: 숨은 개념 | D1: 보조 개념 | E1: 계절 이벤트 | F1: 난이도 | G1: 기본 덱 | H1: 제목 | I1: 상황 | J1: 선택지 1 | K1: 결과 1 | L1: 선택지 2 | M1: 결과 2 | N1: 선택지 3 | O1: 결과 3 | P1: 선생님용 해설 | Q1: 나오는 조건 | R1: 순찰 소문 (v0.6) | S1: ✨추가 선택지 (v0.6 · 초안)
A2: v3trade | B2: 일반 | C2: 위험과 수익 | E2: 무역철 | F2: 2 | G2: Y | H2: ⛵ 무역선 선장 | I2: 먼바다로 떠나는 무역선 선장이 왔어요. "금화를 맡기면 돌아올 때 두 배 반으로 갚겠소. 다만… 바다는 알 수 없지." 돌아올 확률은 반반이래요. | J2: 맡기지 않는다 [금화는 그대로] | K2: 선장은 어깨를 으쓱하고 떠났어요. 금화는 안전해요. | L2: 금화 10닢을 맡긴다 [절반은 남겨 둔다] | M2: 선장이 금화 10닢을 싣고 떠났어요. 가을이 되면 알게 될 거예요. | N2: 금화를 전부 맡긴다 [전부 걸면 전부 얻거나, 전부 잃거나] | O2: 금고가 텅 비었어요. 봄에 지을 것도, 급할 때 쓸 것도 없어요. 가을까지 기도해요. | P2: 기대값은 +25%지만 절반 확률로 전액 손실 — "잃어도 되는 만큼만"과 몰빵의 차이를 비교하게 한다. | R2: 항구 기록을 보니, 이 선장의 배는 지난 열 번 중 다섯 번만 돌아왔어요.
A3: v3seed | B3: 일반 | C3: 사기 예방 | E3: 풍년 | F3: 1 | G3: Y | H3: ✨ 황금 씨앗 장수 | I3: 번쩍이는 옷을 입은 장수가 왔어요. "이 황금 씨앗을 심으면 가을에 곡식이 세 배! 오늘만 금화 15닢. 다른 섬 영주들은 벌써 다 샀지요." | J3: 산다 [금화 −15] | K3: 씨앗을 심었어요. 정말 세 배가 될까요? | L3: 거절한다 ["세 배"는 수상해] | M3: 장수는 얼굴을 찡그리고 떠났어요. 나중에 들으니 그 씨앗은 그냥 색칠한 콩이었대요. | N3: 길드 상인에게 먼저 물어본다 [급할수록 확인] | O3: 길드 상인이 웃으며 말했어요. "그 사람, 지난달 세 섬에서 쫓겨났어요." 금화를 지켰어요. | P3: "무조건·오늘만·남들도 다 했다" 세 가지 신호가 모두 들어 있다. 어느 말이 수상했는지 짚어 보게 한다.
A4: v3drought | B4: 일반 | C4: 사후 대응 비용 | E4: 가뭄 | F4: 1 | G4: Y | H4: ☀️ 가뭄 | I4: 비가 한 달째 오지 않아요. 밭이 갈라지기 시작했어요. 이대로면 가을 수확이 절반으로 줄어요. | J4: 이웃 섬에서 물을 사 온다 [금화 −10, 수확은 지킴] | K4: 물을 사 와 밭을 살렸어요. 저수지가 있었다면 공짜였을 텐데요. | L4: 하늘에 맡긴다 [금화는 아낀다] | M4: 밭이 말라 갔어요. 가을 수확이 절반으로 줄 거예요. | P4: 저수지(15닢)를 미리 지은 섬과 물을 사는 섬(10닢/회)의 비용을 비교: 두 번 오면 사후 대응이 더 비싸다. | R4: 마을 노인 말로는, 이런 가뭄은 쉽게 그치지 않는대요.
A5: v3carriage | B5: 일반 | C5: 필요 vs 욕구 | E5: 축제 | F5: 1 | G5: Y | H5: 🎠 왕도의 마차 장수 | I5: 왕도에서 온 장수가 금박 마차를 팔아요. "영주라면 이 정도는 타셔야죠. 금화 15닢." 섬에는 마차가 달릴 길이 없긴 해요. | J5: 산다 [금화 −15] | K5: 마차는 멋졌어요. 사흘 동안은요. 지금은 항구 옆에 세워져 갈매기 쉼터가 됐어요. | L5: 사지 않는다 [길도 없는데] | M5: 장수는 실망했지만 금화 15닢은 금고에 남았어요. 겨울에 이 돈이 어떻게 쓰일지 두고 봐요. | P5: "영주라면 이 정도는" — 남의 시선 때문에 사는 소비. 필요한지 묻는 질문 하나면 충분하다. | R5: 이 장수는 다른 섬 세 곳에도 마차를 팔았는데, 다 항구 옆에 세워져 있대요. | S5: 마차 대신 섬에 길부터 놓을 수 있는지 묻는다 [금화는 그대로]
A6: v3guild | B6: 일반 | C6: 신용 · 대출 | E6: 흉년 | F6: 2 | G6: Y | H6: 📜 길드 상인의 제안 | I6: 길드 상인이 장부를 펼쳐요. "지금 곡식 20섬을 외상으로 드릴게요. 값은 다음 세 가을에 나눠 받지요. 물론 조금 얹어서요." 얹는 몫은 신뢰에 따라 달라요. | J6: 외상으로 곡식 20섬을 받는다 [지금 곡식 +20, 세 가을에 나눠 갚기] | K6: 곡식이 넉넉해졌어요. 대신 장부에 이름이 올랐어요. 매 가을 {pay}닢씩 갚아야 해요. | L6: 거절한다 [지금 곡식으로 충분] | M6: 상인은 장부를 덮었어요. "필요하면 언제든지요." 빚 없는 여름이에요. | P6: 곡식을 "지금" 받는 대가로 총액이 20→23~25로 는다. 신뢰가 높을수록 얹는 몫이 작은 것을 확인. | Q6: 신뢰 2↑ | R6: 길드 서기 말로는, 세 가을에 나눠 갚으면 받은 곡식보다 더 많이 갚게 된대요. | S6: 절반(10섬)만 외상으로 받는다 [지금 곡식 +10, 세 가을에 나눠 갚기 — 얹는 몫도 절반]
A7: v3neighbor | B7: 일반 | C7: 신용 · 대출 | E7: 흉년 | F7: 2 | G7: Y | H7: 🤝 이웃 섬 영주 | I7: 이웃 섬 영주가 배를 타고 왔어요. "곡식 10섬만 빌려주게. 가을에 12섬으로 갚겠네." 믿을 만한 사람이긴 한데, 그 섬도 형편이 어렵대요. | J7: 빌려준다 [곡식 −10, 가을에 12섬 (못 받을 수도)] | K7: 곡식 10섬을 실어 보냈어요. 가을에 12섬이 돌아올까요? | L7: 거절한다 [우리 겨울도 걱정] | M7: 영주는 이해한다며 돌아갔어요. 곡식은 그대로예요. | P7: 빌려주는 쪽에서 본 신용: 이자(2섬)는 떼일 위험(30%)의 값이다. | R7: 이웃 섬 창고를 본 어부 말로는, 그 섬 창고도 거의 비었대요. | S7: 5섬만 빌려준다 [곡식 −5, 가을에 6섬 (못 받을 수도)]
A8: v3fisher | B8: 일반 | C8: 소득 · 수입 늘리기 | E8: 평온한 날 | F8: 1 | G8: Y | H8: 🎣 어부의 부탁 | I8: 늙은 어부가 찾아왔어요. "배에 구멍이 났소. 금화 5닢만 대주면, 가을에 잡은 고기를 곡식 8섬 값으로 갚으리다." | J8: 금화 5닢을 대준다 [가을에 곡식 +8] | K8: 어부가 고맙다며 배를 고치러 갔어요. 작은 돈이지만 확실한 약속이에요. | L8: 거절한다 [금화 5닢도 아깝다] | M8: 어부는 조용히 돌아갔어요. 금화는 그대로예요. | P8: 작고 확실한 수익 — 무역선(크고 불확실)과 짝지어 비교하기 좋다. | R8: 이 어부는 평생 약속을 어긴 적이 없대요. 섬사람 모두가 아는 이야기예요.
A9: v3flood | B9: 일반 | C9: 분산 | E9: 폭우 | F9: 1 | G9: Y | H9: 🌧️ 폭우 | I9: 사흘 밤낮 비가 쏟아져 항구 쪽 밭이 물에 잠겼어요. | J9: 확인 | K9: 밭이 하나뿐이라 피해를 고스란히 입었어요. | P9: 선택지 없는 카드 — 결과가 봄의 선택(건너편 밭)에 이미 달려 있었다는 것을 보여 준다.
A10: sav01 | B10: 일반 | C10: 저축 · 비상금 | E10: 평온한 날 | F10: 1 | G10: Y | H10: 🫙 할머니의 항아리 | I10: 섬에서 제일 나이 많은 할머니가 빈 항아리를 주셨어요. "가을마다 한 줌씩 먼저 넣어 두렴. 남는 걸 넣는 게 아니라, 먼저 넣는 거야." | J10: 항아리에 곡식 5섬을 먼저 넣는다 [곡식 −5, 다음 가을에 돌려받음] | K10: 항아리 뚜껑을 꼭 닫았어요. 눈에 안 보이니 꺼내 먹을 생각도 안 나요. | L10: 항아리는 부엌 구석에 둔다 [나중에 남으면 넣지] | M10: 항아리는 한 번도 채워지지 않았어요. 남는 날이 오지 않았거든요. | P10: "쓰고 남은 돈을 저축"이 아니라 "저축하고 남은 돈을 쓰기". 선저축 원칙. | R10: 섬사람들 말로는, '남으면 넣지' 한 집은 항아리가 늘 비어 있었대요. | S10: 곡식 3섬만 먼저 넣는다 [곡식 −3, 다음 가을에 돌려받음]
A11: sav02 | B11: 일반 | C11: 저축 · 비상금 | E11: 태풍 | F11: 1 | H11: 🌀 태풍 소문과 비상 곡식 | I11: 먼바다에서 돌아온 어부가 수군거려요. "올해 바람이 이상해요." 광에 곡식을 따로 떼어 둘까 고민돼요. | J11: 비상 곡식 10섬을 언덕 위 광에 따로 둔다 [곡식 −10 (내년 가을 돌아옴), 이번 겨울 태풍 피해 줄어듦] | K11: 곡식 자루에 빨간 끈을 묶어 언덕 위로 옮겼어요. "이건 정말 급할 때만!" | L11: 그냥 둔다 [어차피 다 같은 곡식] | M11: 곡식은 곡식이죠. 딱히 달라진 건 없어요. | P11: 비상금은 "따로 이름 붙이고 따로 둔 돈". 당장 쓸 수 있는 곡식은 줄지만 재난이 와도 버틸 몫이 남는다.
A12: sav03 | B12: 일반 | C12: 저축 · 비상금 | D12: 필요 vs 욕구 | E12: 풍년 | F12: 1 | G12: Y | H12: 🌾 풍년 잔치 | I12: 올해는 벼가 고개를 푹 숙였어요. 섬사람들이 "잔치를 열자!"고 외쳐요. 잔치엔 곡식 12섬이 들어요. | J12: 크게 잔치를 연다 [곡식 −12] | K12: 밤새 북소리가 울렸어요. 다음 날 광을 보니 휑하네요. | L12: 작게 열고 나머지는 모아 둔다 [곡식 −4] | M12: 소박한 잔치였지만 다들 즐거웠어요. 광에는 곡식이 넉넉히 남았어요. | N12: 잔치 대신 창고를 손본다 [금화 −5, 곡식이 덜 썩음] | O12: 잔치는 없었지만 창고 틈을 막았어요. 이번 가을엔 넘치는 곡식이 덜 썩을 거예요. | P12: 수입이 많은 해일수록 저축 기회. "좋은 해에 모아 나쁜 해를 버틴다." | R12: 작년에 크게 잔치한 이웃 섬은 겨울에 곡식을 빌리러 다녔대요.
A13: sav04 | B13: 일반 | C13: 저축 · 비상금 | E13: 한파 | F13: 2 | H13: ❄️ 땔감 모으기 | I13: 철새가 일찍 떠났어요. 겨울이 길 거래요. 여름에 땔감을 해 두면 겨울에 곡식을 덜 먹는대요. 하지만 땔감을 하느라 밭일을 덜 하게 돼요. | J13: 땔감을 넉넉히 해 둔다 [가을 수확 −5, 겨울 식량 −4] | K13: 땀 흘려 장작을 쌓았어요. 밭은 좀 덜 돌봤지만 겨울이 두렵지 않아요. | L13: 밭일에 집중한다 [수확은 그대로] | M13: 밭은 반짝반짝해요. 겨울 땔감은… 그때 가서 생각하죠. | P13: 오늘의 소득을 조금 줄여 미래의 필수 지출을 줄이는 선택. 효과는 1섬 차이지만 "나중을 위해 지금 덜 쓴다"를 체험.
A14: sav05 | B14: 일반 | C14: 저축 · 비상금 | D14: 예산, 비교 구매 | E14: 축제 | F14: 2 | H14: 🎪 떠돌이 서커스 | I14: 떠돌이 서커스단이 항구에 천막을 쳤어요. 표 한 장에 금화 8닢. 아이들이 줄을 섰어요. 금고엔 가을 장부의 날에 낼 돈이 들어 있어요. | J14: 표를 산다 [금화 −8] | K14: 곡예사가 공중에서 세 바퀴를 돌았어요! 정말 멋졌어요. 금고는 조금 가벼워졌어요. | L14: 이번엔 안 간다 [금화 그대로] | M14: 천막 밖에서 음악만 들었어요. 조금 아쉽지만 금고는 든든해요. | N14: 마지막 날 싼 표를 산다 [금화 −3, 하루 기다리기] | O14: 마지막 날엔 표가 3닢이었어요! 기다린 보람이 있었어요. | P14: 즐기는 소비 자체는 나쁘지 않다. 문제는 "먼저 떼어 둔 돈"(결제일 몫)을 건드리느냐. 기다리면 싸지는 것도 체험.
A15: sav06 | B15: 일반 | C15: 저축 · 비상금 | D15: 물가 | E15: 흉년 | F15: 2 | H15: 🍂 흉년의 이웃 섬 | I15: 이웃 섬이 흉년이래요. 그 섬 영주는 작년에 창고 없이 풍년 곡식을 다 팔아 버렸대요. 우리 섬 광을 보니 곡식이 꽤 남아 있어요. | J15: 광을 한 번 더 점검하고 틈을 막는다 [금화 −4] | K15: 쥐구멍 세 개를 막았어요. 곡식이 새지 않아요. | L15: 남는 곡식을 비싸게 판다 [곡식 −10, 금화 +15] | M15: 흉년이라 곡식값이 올랐어요! 금화 15닢을 받았어요. 겨울은… 괜찮겠죠? | N15: 아무것도 안 한다 | O15: 남의 일이죠, 뭐. 광은 그대로예요. | P15: 남의 실패에서 배우기 + 값이 오를 때 파는 유혹. 비상금은 팔아 치우는 순간 비상금이 아니다.
A16: sav07 | B16: 일반 | C16: 저축 · 비상금 | D16: 사후 대응 비용, 보험 | E16: 화재 | F16: 3 | H16: 🔥 대장간 화재 | I16: 밤중에 대장간에서 불이 나 옆 광까지 번졌어요! 곡식을 한곳에만 쌓아 둔 섬은 크게 잃었대요. 우리 섬도 불씨가 날아왔어요. | J16: 물을 퍼 나른다 [곡식 −6] | K16: 밤새 물을 날랐어요. 광 한쪽이 그을렸지만 곡식 대부분을 지켰어요. | L16: 금화로 소방대를 부른다 [금화 −8] | M16: 이웃 섬 소방대가 배를 타고 와 불을 껐어요. 곡식은 멀쩡하지만 금화가 들었어요. | P16: 저축도 "어디에 어떻게" 두느냐가 중요하다. 안전한 보관(창고=예금자보호가 있는 계좌) vs 집에 쌓아 두기.
A17: sav08 | B17: 일반 | C17: 저축 · 비상금 | D17: 소득 · 수입 늘리기, 기회비용 | E17: 이주민 | F17: 3 | H17: 🧳 새로 온 가족 | I17: 폭풍에 집을 잃은 가족이 섬에 살고 싶대요. 일손이 늘면 다음 해부터 수확이 늘어요. 하지만 올겨울엔 입이 늘어 곡식이 더 들어요. | J17: 받아들인다 [올겨울 식량 +4, 내년부터 수확 +4] | K17: 가족이 짐을 풀었어요. 올겨울은 빠듯하겠지만 내년 밭이 기대돼요. | L17: 다음 해에 오라고 한다 | M17: 가족은 다른 섬으로 떠났어요. 우리 겨울은 조금 편해졌어요. | P17: 비상금이 있어야 "지금 조금 손해, 나중에 이득"인 기회를 잡을 수 있다. 여유 없는 섬은 좋은 기회도 못 잡는다.
A18: sav09 | B18: 일반 | C18: 저축 · 비상금 | D18: 유동성 · 만기 | E18: 평온한 날 | F18: 1 | H18: 🐷 돼지 저금통 조개 | I18: 해변에서 구멍 뚫린 큰 조개를 주웠어요. 금화를 넣으면 깨야만 꺼낼 수 있대요. 아이들이 "영주님도 하나 해요!" 해요. | J18: 금화 6닢을 넣고 봉한다 [금화 −6, 내년 가을에 돌려받음] | K18: 달그락. 조개가 무거워졌어요. 깨고 싶은 마음이 들 때마다 참아요. | L18: 필요 없다 [금고가 있잖아] | M18: 아이들이 시무룩해요. 금고의 금화는 여전히 쉽게 꺼낼 수 있어요. | P18: 꺼내기 어렵게 만드는 장치(적금·자동이체)가 저축을 돕는다. 대신 급할 때 못 쓴다는 점도 짚기(유동성).
A19: cmp01 | B19: 일반 | C19: 이자 · 복리 | E19: 평온한 날 | F19: 1 | G19: Y | H19: 🏦 길드 금고의 약속 | I19: 길드 상인이 말해요. "금화를 금고에 맡기면 가을마다 열 닢에 한 닢씩 얹어 드려요. 대신 맡긴 동안엔 못 꺼내요." | J19: 금화 10닢을 맡긴다 [이번 가을에 11닢으로] | K19: 금고 열쇠가 딸깍. 가만히 있어도 금화가 늘어난대요. | L19: 금고에 맡기지 않는다 [금화는 손에] | M19: 금화는 손에 있어요. 늘지도 줄지도 않아요. | P19: 이자의 첫 체험: "돈을 빌려주면(맡기면) 값을 받는다". 은행 예금의 원리. | R19: 길드 금고는 백 년째 문을 열었고, 약속을 어긴 적이 없대요.
A20: cmp02 | B20: 일반 | C20: 이자 · 복리 | D20: 유동성 · 만기 | E20: 평온한 날 | F20: 2 | G20: Y | H20: 🌳 두 번 맡기기 | I20: 길드 상인이 장부를 보여 줘요. "한 해만 맡기면 10닢이 11닢. 그런데 두 해 두면, 늘어난 11닢에 또 얹어서 12닢이 넘어요. 세 해면요…?" | J20: 한 해만 맡긴다 [금화 −10 → 이번 가을 11] | K20: 한 해짜리 약속을 했어요. | L20: 두 해 맡긴다 [금화 −10 → 내년 가을 13] | M20: 두 해짜리 약속을 했어요. 늘어난 금화에 또 얹힌대요. | N20: 맡기지 않는다 | O20: 금화는 손에 그대로예요. | P20: 단리(매년 +1)면 2년 후 12, 복리면 12.1→반올림·보너스로 13. 오래 둘수록 차이가 커지는 게 복리. 은행나무 대안의 핵심을 한 장으로 흡수. | R20: 길드 장부를 보니, 오래 맡길수록 늘어난 금화에 또 얹혀서 점점 빨리 불어나요.
A21: cmp03 | B21: 일반 | C21: 이자 · 복리 | E21: 풍년 | F21: 2 | H21: 🌱 볍씨 남기기 | I21: 풍년이에요. 늙은 농부가 말해요. "먹을 걸 다 먹지 말고 좋은 볍씨를 남기게. 볍씨는 내년에 몇 배로 돌아오니까." | J21: 좋은 볍씨 6섬을 남긴다 [곡식 −6, 내년 가을 +10] | K21: 제일 튼실한 이삭만 골라 따로 말렸어요. | L21: 다 먹는다 [지금 배부르게] | M21: 오늘 저녁은 배불러요. 볍씨는 시장에서 또 사면 되죠. | P21: 원금(씨앗)을 먹어 치우지 않는 것이 불어남의 시작. 씨앗 = 원금, 수확 = 이자.
A22: cmp04 | B22: 일반 | C22: 이자 · 복리 | D22: 유동성 · 만기, 필요 vs 욕구 | E22: 무역철 | F22: 3 | H22: 📈 맡긴 금화를 꺼낼까 | I22: 작년에 길드 금고에 맡긴 금화가 잘 늘고 있어요. 그런데 항구에 멋진 망원경이 들어왔어요. 지금 꺼내면 얹힌 몫은 하나도 못 받는대요. | J22: 그대로 둔다 [내년 가을에 크게] | K22: 망원경은 멋졌지만 참았어요. 금고 속 금화는 계속 불어나요. | L22: 꺼내서 망원경을 산다 [금화 +10 → 곧바로 −10] | M22: 망원경으로 먼 섬이 보여요! 금고의 약속은 끝났어요. | P22: 복리는 "중간에 꺼내지 않을 때"만 작동한다. 중도해지 = 이자 포기. | Q22: 2년차부터
A23: cmp05 | B23: 일반 | C23: 이자 · 복리 | D23: 기회비용 | E23: 축제 | F23: 1 | G23: Y | H23: 🎁 두 가지 선물 | I23: 축제날, 길드장이 두 선물 중 하나를 고르래요. "지금 금화 10닢을 받든지, 내년 가을에 15닢을 받든지." | J23: 지금 10닢 [금화 +10] | K23: 금화 10닢이 짤랑! 바로 쓸 수 있어요. | L23: 내년 가을 15닢 [기다리기] | M23: 길드장이 웃으며 약속 증서를 줬어요. "기다릴 줄 아는 영주군요." | P23: 시간의 가치: 지금의 10 vs 나중의 15. 어느 쪽이 정답은 아니다 — 지금 급한 게 있는지가 기준. | R23: 길드장은 약속 증서를 한 번도 어긴 적이 없대요. 내년 가을엔 정말 15닢이에요.
A24: cmp06 | B24: 일반 | C24: 이자 · 복리 | D24: 소득 · 수입 늘리기 | E24: 한파 | F24: 2 | H24: 🐑 양 두 마리 | I24: 양치기가 새끼 밴 양 두 마리를 금화 12닢에 판대요. "양은 양을 낳고, 그 양이 또 양을 낳지요." 겨울 먹이도 조금 들어요. | J24: 산다 [금화 −12, 겨울 식량 +2, 이후 매년 곡식] | K24: 양 두 마리가 섬에 왔어요. 매에에! | L24: 사지 않는다 | M24: 양치기는 다른 섬으로 떠났어요. | P24: 불어나는 자산(새끼를 낳는 양) vs 줄어드는 소비. 해가 갈수록 수입이 커지는 게 복리의 모양.
A25: cmp07 | B25: 일반 | C25: 이자 · 복리 | D25: 유동성 · 만기, 보험 | E25: 역병 | F25: 3 | H25: 💊 금고를 깰까 | I25: 역병 소문이 돌아요. 약초를 미리 사 두려면 금화가 필요한데, 금화 대부분은 길드 금고에 맡겨 두었어요. 지금 꺼내면 얹힌 몫을 못 받아요. | J25: 금고를 깨서 약초를 산다 [금화 −6, 이번 겨울 역병 대비] | K25: 얹힌 몫은 날아갔지만 약초 자루가 든든해요. | L25: 금고는 두고 버틴다 | M25: 금고 속 금화는 계속 불어나요. 역병이 안 오기를 바라요. | P25: 비상금(바로 꺼낼 돈)과 불리는 돈(묶인 돈)을 나눠야 하는 이유. 둘 다 필요하다. | Q25: 2년차부터
A26: cmp08 | B26: 일반 | C26: 이자 · 복리 | E26: 평온한 날 | F26: 3 | H26: 🧮 영주의 계산 시합 | I26: 섬 학교 선생님이 문제를 냈어요. "금화 10닢이 해마다 열 닢에 한 닢씩 늘면, 30년 뒤엔 몇 닢일까요?" 맞히면 상으로 금화를 준대요. | J26: "40닢이요!" [해마다 1닢씩 더하면…] | K26: 선생님이 고개를 저어요. "늘어난 돈에도 또 붙는다는 걸 잊었구나. 정답은 170닢이 넘어!" | L26: "100닢도 넘을 거예요" [늘어난 돈에도 또 붙으니까] | M26: "맞았어요! 174닢이 넘어요. 시간이 제일 큰 일꾼이지요." 상으로 금화 5닢을 받았어요. | P26: 10×1.1^30 ≈ 174. 단리(40)와 복리(174)의 차이를 숫자로 확인하는 유일한 카드 — 수업 중 계산기와 함께.
A27: ins01 | B27: 일반 | C27: 보험 | E27: 태풍 | F27: 1 | G27: Y | H27: 🛡️ 파도막이 조합 | I27: 이웃 섬 영주 다섯이 모였어요. "해마다 금화 5닢씩 모아 두고, 올겨울 태풍 맞은 섬이 있으면 그 돈으로 도와주자!" | J27: 조합에 들어간다 [금화 −5, 이번 겨울 태풍 피해 줄어듦] | K27: 다섯 섬이 손을 모았어요. 태풍이 와도 혼자가 아니에요. | L27: 들어가지 않는다 [5닢이 아까워] | M27: "태풍이 안 오면 5닢만 버리는 거잖아." 금화는 그대로예요. | P27: 보험의 원리 = 여럿이 조금씩 내서 운 나쁜 한 명의 큰 손실을 나눠 진다. 안 오면 "버린 돈"이 아니라 "안심을 산 값". | R27: 작년에 조합에 든 섬들은 태풍을 맞고도 다음 봄에 다시 일어섰대요.
A28: ins02 | B28: 일반 | C28: 보험 | E28: 역병 | F28: 1 | H28: 🌿 약초꾼의 제안 | I28: 약초꾼이 말해요. "금화 4닢이면 역병 약초를 한 바구니 드리지요. 역병이 안 돌면 그냥 차로 끓여 드세요." | J28: 산다 [금화 −4, 이번 겨울 역병 대비] | K28: 향긋한 약초 바구니를 광에 걸었어요. | L28: 안 산다 [역병 소문은 늘 있지] | M28: 약초꾼은 다음 섬으로 갔어요. | P28: 작은 비용(4닢)으로 큰 손실(곡식 −10, 금화 −10)을 줄이는 선택. 예보를 보고 판단하게 한다.
A29: ins03 | B29: 일반 | C29: 보험 | D29: 계약 · 약관 | E29: 태풍 | F29: 2 | H29: ⚓ 배 지킴이 계약 | I29: 해운 조합이 말해요. "매 가을 금화 3닢씩 내면, 태풍에 배가 부서졌을 때 수리비를 대 드립니다. 세 해 동안 약속하는 조건이에요." | J29: 세 해 약속을 맺는다 [매 가을 금화 −3, 태풍 대비] | K29: 서명했어요. 태풍이 와도 배 수리비 걱정은 없어요. | L29: 안 맺는다 | M29: 해운 조합 사람은 명함만 두고 갔어요. | P29: 보험료는 한 번이 아니라 "계속" 낸다. 첫해만 보장이 되고 둘째 해엔 돈만 나가는 구조 — 약관을 읽어야 보인다는 점까지 토론 가능.
A30: ins04 | B30: 일반 | C30: 보험 | D30: 사후 대응 비용 | E30: 가뭄 | F30: 2 | H30: 🪣 물 저장 항아리 | I30: 가뭄 기미가 보여요. 옹기장이가 큰 물항아리를 팔아요. "비 올 때 받아 두면 가뭄에 밭을 살릴 수 있어요. 6닢." | J30: 항아리를 산다 [금화 −6] | K30: 빗물을 가득 받아 두었어요. 가뭄이 와도 한 번은 버틸 수 있어요. | L30: 안 산다 | M30: 밭이 쩍쩍 갈라지기 시작했어요. 가을 수확이 줄 거예요. | P30: 사전 비용 6닢 vs 사후 손실(수확 절반 ≈ 10섬). 저수지가 있으면 중복 보험은 필요 없다는 점도 체험.
A31: ins05 | B31: 일반 | C31: 보험 | E31: 평온한 날 | F31: 2 | G31: Y | H31: 🧾 아까운 5닢 | I31: 작년에 파도막이 조합에 5닢을 냈는데 태풍이 안 왔어요. 올해도 내라는데 섬사람들이 투덜대요. "작년 5닢은 버린 거잖아요!" | J31: 올해도 낸다 [금화 −5, 태풍 대비] | K31: "안 온 건 운이 좋았던 거야." 올해도 조합에 들었어요. | L31: 올해는 안 낸다 [금화 절약] | M31: 5닢을 아꼈어요. 올겨울 바다가 조용하길 바라요. | P31: "보험료가 아깝다"는 감정을 정면으로 다루는 카드. 보험은 결과가 아니라 결정 시점의 정보로 평가해야 한다. | Q31: 2년차부터 | R31: 작년에 조합을 그만둔 이웃 섬이 올해 태풍을 혼자 맞았대요.
A32: ins06 | B32: 일반 | C32: 보험 | D32: 정보의 가치 · 예측 | E32: 한파 | F32: 1 | H32: 🧣 털옷 장수 | I32: 털옷 장수가 왔어요. "혹한이 오면 섬사람들이 앓아누워요. 털옷을 미리 사 두면 곡식을 덜 잃어요. 5닢." | J32: 털옷을 산다 [금화 −5, 이번 겨울 혹한 대비] | K32: 포근한 털옷을 나눠 줬어요. | L32: 안 산다 | M32: 털옷 장수는 다음 섬으로 갔어요. | P32: 예보와 연결해서 판단하게 한다. 예보가 혹한일 때만 사는 게 합리적인가? (예보는 75%만 맞는다)
A33: ins07 | B33: 일반 | C33: 보험 | D33: 위험과 수익 | E33: 화재 | F33: 3 | H33: 🧯 모래주머니 약속 | I33: 대장간 주인이 제안해요. "우리 대장간에 불이 나면 섬 전체가 위험해요. 금화 3닢씩 모아 모래주머니를 쌓아 두면 어때요?" 그런데 대장간 불이 우리 섬까지 번진 적은 없어요. | J33: 3닢을 낸다 [금화 −3] | K33: 모래주머니가 차곡차곡 쌓였어요. | L33: 안 낸다 | M33: 대장간 주인이 한숨을 쉬었어요. | P33: 확률 20%의 사고: 대비 3닢(손실 −2) vs 무대비(손실 −12). 기대 손실 비교(0.2×12=2.4 > 3?)로 "보험이 항상 이득은 아니다"까지 토론.
A34: ins08 | B34: 일반 | C34: 보험 | D34: 기회비용, 정보의 가치 · 예측 | E34: 태풍 | F34: 3 | G34: Y | H34: 🏚️ 방파제 대신 보험 상인 | I34: 보험 상인이 왔어요. "방파제는 25닢이나 들죠? 저한테 매 가을 5닢만 내세요. 태풍이 오면 제가 피해를 막아 드려요." 올해는 태풍 예보가 없어요. | J34: 상인과 계약한다 [금화 −5, 이번 겨울 태풍 대비] | K34: 계약서를 받았어요. 방파제보다 싸게 먹혔어요… 올해는요. | L34: 방파제를 짓기로 하고 거절한다 [봄에 짓기] | M34: "한 번 지으면 계속 지켜 주니까요." 상인은 떠났어요. | N34: 아무것도 안 한다 [올해는 예보가 없으니까] | O34: 예보가 틀릴 수도 있다는 게 마음에 걸려요. | P34: 매년 내는 보험료(5×3=15) vs 한 번에 짓는 방파제(25, 영구). 기간이 길수록 어느 쪽이 싼지 계산하게 한다. | R34: 계약서 뒷면을 보니, 매 가을 5닢을 계속 내야 지켜 준대요. 방파제는 한 번 지으면 끝이고요.
A35: ins09 | B35: 일반 | C35: 보험 | D35: 사후 대응 비용 | E35: 역병 | F35: 2 | H35: 🐀 쥐 떼 소문 | I35: 이웃 섬에 쥐 떼가 나타나 병이 돌았대요. 고양이 두 마리를 금화 6닢에 들여올 수 있어요. 고양이는 먹이도 조금 먹어요. | J35: 고양이를 들인다 [금화 −6, 겨울 식량 +1, 역병 대비] | K35: 야옹. 쥐들이 겁을 먹고 숨었어요. | L35: 들이지 않는다 | M35: 밤마다 광에서 바스락 소리가 나요. | P35: 보험만 있는 게 아니라 "위험 자체를 줄이는" 예방도 위험관리다.
A36: div01 | B36: 일반 | C36: 분산 | E36: 폭우 | F36: 1 | G36: Y | H36: 🧺 달걀 바구니 | I36: 닭장 아이가 달걀 20개를 시장에 가져가려 해요. "바구니 하나에 다 담을까, 두 개에 나눠 담을까?" 길이 미끄러워요. | J36: 한 바구니에 다 담는다 [한 번에 들고 가기 편함] | K36: 아이가 넘어졌어요! 달걀이 전부 깨졌어요. 금화 4닢어치예요. | L36: 두 바구니에 나눈다 [두 번 왔다 갔다] | M36: 한 번 넘어졌지만 다른 바구니는 멀쩡했어요. 금화 2닢어치만 잃었어요. | P36: "한 바구니에 달걀을 담지 마라"를 말 그대로 체험. 결과가 확정적인 입문 카드. | R36: 아침에 비가 와서, 시장 가는 언덕길이 진흙탕이래요.
A37: div02 | B37: 일반 | C37: 분산 | D37: 위험과 수익 | E37: 무역철 | F37: 2 | G37: Y | H37: ⛵ 배 두 척에 나눠 싣기 | I37: 곡식 12섬을 이웃 섬에 팔러 보내요. 큰 배 한 척에 다 실을까, 작은 배 두 척에 나눠 실을까? 바다가 거칠 때도 있어요. | J37: 큰 배 한 척 [곡식 −12, 반반 확률로 금화 20 또는 0] | K37: 큰 배가 출항했어요. | L37: 작은 배 두 척 [곡식 −12, 대부분 금화 10~20] | M37: 작은 배 두 척이 따로 떠났어요. | N37: 보내지 않는다 | O37: 곡식은 광에 그대로예요. | P37: 같은 기대 수익이어도 나누면 "다 잃을 확률"이 40%→16%로 준다. 분산은 수익을 키우는 게 아니라 흔들림을 줄인다. | Q37: 곡식 20↑ | R37: 뱃사람들 말로는, 거친 바다에서 두 척이 한꺼번에 가라앉는 일은 드물대요.
A38: div03 | B38: 일반 | C38: 분산 | D38: 위험과 수익, 사기 예방 | E38: 역병 | F38: 2 | H38: 🌽 한 가지 작물 | I38: 씨앗 장수가 말해요. "올해는 옥수수가 대박이에요! 밭을 전부 옥수수로 바꾸세요." 옥수수는 병에 약하대요. | J38: 전부 옥수수로 바꾼다 [가을 수확 크게 흔들림] | K38: 밭이 온통 옥수수예요. | L38: 절반만 바꾼다 [가을 수확 조금 흔들림] | M38: 옥수수 반, 벼 반. 밭이 알록달록해요. | N38: 하던 대로 한다 | O38: 밭은 늘 그렇듯 벼가 가득해요. | P38: "대박"이라는 말과 함께 오는 몰빵 유혹. 절반만 바꾸면 기대값은 더 높고(+1.5) 최악은 −3에 그친다.
A39: div04 | B39: 일반 | C39: 분산 | D39: 보험, 기회비용 | E39: 태풍 | F39: 3 | H39: 🏝️ 두 섬에 광 짓기 | I39: 작은 무인도 하나가 매물로 나왔어요. 거기 광을 지으면 곡식을 두 섬에 나눠 둘 수 있어요. 금화 12닢. | J39: 무인도에 광을 짓는다 [금화 −12, 이번 겨울 모든 재난 피해 줄어듦] | K39: 작은 광이 생겼어요. 곡식 절반을 옮겨 두었어요. | L39: 그 돈으로 방파제를 준비한다 [봄에 짓기] | M39: 한 곳을 튼튼히 지키기로 했어요. | N39: 필요 없다 | O39: 무인도는 다른 영주가 샀어요. | P39: 분산은 재난 "종류"를 가리지 않고 피해를 줄인다(any). 특정 보험(방파제)과 비교: 넓고 얕게 vs 좁고 깊게. | Q39: 2년차부터
A40: div05 | B40: 일반 | C40: 분산 | D40: 소득 · 수입 늘리기 | E40: 풍년 | F40: 1 | H40: 🍎 과수원 아저씨 | I40: 과수원 아저씨가 사과나무 묘목을 나눠 준대요. 벼만 키우던 밭 한쪽에 심을 수 있어요. 대신 벼 수확이 조금 줄어요. | J40: 사과나무를 심는다 [올해 수확 −3, 내년 가을 곡식 +8] | K40: 밭 한쪽에 작은 묘목들이 줄지어 섰어요. | L40: 벼만 키운다 | M40: 밭은 여전히 벼로 가득해요. | P40: 다른 시기·다른 위험에 반응하는 수입원을 더하면 한 해 흉년이 섬 전체를 흔들지 않는다.
A41: div06 | B41: 일반 | C41: 분산 | D41: 소득 · 수입 늘리기 | E41: 흉년 | F41: 2 | H41: 🐟 고기잡이도 해 볼까 | I41: 흉년 소문이 돌아요. 어부들이 말해요. "밭만 믿지 말고 그물도 하나 장만하세요. 5닢이면 돼요." | J41: 그물을 산다 [금화 −5, 가을에 곡식 +7] | K41: 그물을 걸어 두었어요. | L41: 밭만 믿는다 | M41: 그물은 어부들 몫이죠. | P41: 수입원 분산. 흉년(밭)과 풍어(바다)는 따로 움직인다.
A42: div07 | B42: 일반 | C42: 분산 | D42: 위험과 수익 | E42: 무역철 | F42: 3 | H42: 🗺️ 세 상단의 제안 | I42: 세 상단이 동시에 투자자를 찾아요. 비단 상단, 소금 상단, 향신료 상단. 금화 12닢으로 한 곳에 몰아줄까, 셋에 4닢씩 나눌까? | J42: 향신료 상단에 12닢 몰아주기 [제일 크게 벌 수도] | K42: 향신료 배가 떠났어요. | L42: 셋에 4닢씩 나누기 [크게는 못 벌어도 덜 흔들림] | M42: 세 상단에 골고루 나눠 맡겼어요. | N42: 아무 데도 안 건다 | O42: 금화는 금고에 그대로예요. | P42: 몰빵(기대 14.4, 60% 전액손실) vs 분산(기대 14.8, 최악 6). 분산하면 최악이 덜 나쁘다. | Q42: 금화 12↑
A43: crd01 | B43: 일반 | C43: 신용 · 대출 | E43: 흉년 | F43: 1 | H43: 📒 외상 장부 첫 장 | I43: 흉년 소문에 곡식값이 들썩여요. 길드 상인이 새 장부를 펼쳐요. "영주님 이름으로 외상 장부를 만들어 드릴게요. 필요할 때 적어 두고 가을에 갚으시면 돼요." | J43: 곡식 10섬을 외상으로 받는다 [곡식 +10, 매 가을 조금씩 갚기] | K43: 장부 첫 장에 이름을 썼어요. 곡식 자루가 손에 들렸어요. 매 가을 {pay}닢씩 갚아야 해요. | L43: 장부만 만들어 둔다 [지금은 안 씀] | M43: "필요할 때 쓸게요." 장부는 서랍에 들어갔어요. | P43: 신용 = "나중에 갚겠다는 약속을 믿어 주는 것". 외상은 공짜가 아니라 미래의 나에게 넘기는 청구서.
A44: crd02 | B44: 일반 | C44: 신용 · 대출 | D44: 필요 vs 욕구, 체크카드 vs 신용카드 | E44: 축제 | F44: 1 | H44: 🥳 축제 외상 | I44: 축제날 광장에 맛있는 음식이 가득해요. 금화가 없어도 "영주님은 외상이죠!" 하며 다들 음식을 내밀어요. | J44: 외상으로 실컷 먹는다 [장부 +8 (나중에 갚기)] | K44: 배가 불러요. 장부에 8닢 넘게 적혔어요. 매 가을 {pay}닢씩 갚아야 해요. | L44: 가진 금화 안에서만 먹는다 [금화 −3] | M44: 꼬치 세 개만 먹었어요. 적당히 배불러요. | N44: 구경만 한다 | O44: 냄새만 맡아도 즐거웠어요. | P44: "외상이면 공짜 같다" — 신용카드 소비가 쉬워지는 이유. 없어지지 않는 건 먹은 음식이 아니라 장부의 숫자. | Q44: 신뢰 2↑
A45: crd03 | B45: 일반 | C45: 신용 · 대출 | D45: 저축 · 비상금 | E45: 태풍 | F45: 2 | G45: Y | H45: 🔨 급한 배 수리 | I45: 폭풍에 섬의 유일한 배가 부서졌어요. 배가 없으면 가을에 곡식을 못 팔아요. 수리비는 금화 15닢인데 금고가 넉넉하지 않아요. | J45: 외상으로 고친다 [장부 +15, 가을 곡식 판매 가능] | K45: 배가 다시 떴어요. 장부가 무거워졌지만 섬은 멈추지 않았어요. 매 가을 {pay}닢씩 갚아요. | L45: 금화로 고친다 [금화 −15] | M45: 금고를 털어 배를 고쳤어요. 빚은 없지만 금고가 텅 비었어요. | N45: 고치지 않는다 [올해 곡식을 못 팔아요] | O45: 배 없이 한 해를 보내기로 했어요. 곡식은 못 팔고 값도 떨어졌어요. | P45: 좋은 빚과 나쁜 빚: 벌이를 지키는 데 쓴 빚(배 수리)과 즐기려고 쓴 빚(축제 외상)을 비교. | R45: 배가 없으면 가을 곡식 판매가 통째로 사라져요. 한 해 금화 벌이가 거기 달려 있어요.
A46: crd04 | B46: 일반 | C46: 신용 · 대출 | D46: 위험과 수익 | E46: 무역철 | F46: 2 | H46: 🧭 빌려서 장사하기 | I46: 상인이 부추겨요. "길드에서 금화 20닢을 빌려 향신료를 사 오면, 가을에 30닢에 팔 수 있어요. 빌린 값은 금방 갚죠!" 향신료 값은 자주 오르내린대요. | J46: 빌려서 향신료를 산다 [장부 +20, 가을에 팔아서 갚기] | K46: 빌린 금화로 향신료를 샀어요. 장부엔 {total}닢이 적혔어요. | L46: 빌리지 않는다 | M46: "빌린 돈으로 거는 건 무서워." 상인은 다른 섬으로 갔어요. | P46: 빚을 내서 투자하면 벌 때도 크지만 잃을 때 빚은 그대로 남는다(레버리지). 금화가 모자라면 연체로 이어짐. | Q46: 신뢰 3↑, 2년차부터
A47: crd05 | B47: 일반 | C47: 신용 · 대출 | D47: 결제일, 예산 | E47: 평온한 날 | F47: 2 | H47: 🤔 장부가 얼마였더라 | I47: 가을이 다가오는데 영주님이 장부를 펼쳐 보지 않았어요. 서기가 묻네요. "올가을에 얼마 나가는지 계산해 둘까요? 계산값으로 금화 2닢 드려야 해요." | J47: 계산을 맡긴다 [금화 −2, 가을 대비] | K47: 서기가 표를 그려 줬어요. 가을에 나갈 돈을 금고에 따로 떼어 두었어요. | L47: 그때 가서 보지 뭐 | M47: 장부는 서랍 속에 그대로예요. | P47: 빚은 "얼마를, 언제" 갚는지 아는 것에서 관리가 시작된다. (효과: 계산 비용 2닢 대신 가을에 세금 몫 +2) | Q47: 빚이 있을 때
A48: crd06 | B48: 일반 | C48: 신용 · 대출 | D48: 연체 · 신용점수, 사기 예방 | E48: 흉년 | F48: 3 | G48: Y | H48: 🔁 빚 갚으려 빚 내기 | I48: 가을이 오기 전, 떠돌이 대부업자가 속삭여요. "길드 빚 갚을 금화가 모자라죠? 제가 지금 금화 15닢 빌려 드릴게요. 대신 내년 가을 한 번에 25닢." | J48: 빌린다 [금화 +15, 내년 가을 −25] | K48: 금고에 15닢이 생겼어요. 이번 가을은 넘길 수 있겠어요… 내년이 문제지만요. | L48: 길드에 먼저 사정을 말한다 [신뢰 −1, 빚 조건은 그대로] | M48: 길드 상인이 한숨을 쉬었지만 "다음부턴 미리 말해요" 하며 기다려 주기로 했어요. | N48: 거절하고 버틴다 | O48: 대부업자는 혀를 차고 떠났어요. | P48: 돌려막기의 구조: 15를 빌려 25를 갚는다(연 67%). 못 갚을 때는 "먼저 알리기"가 신용을 지키는 방법. | Q48: 빚이 있을 때, 2년차부터 | R48: 이 대부업자에게 빌린 섬들은 다음 해에 더 큰 빚을 졌대요. 길드는 미리 말하면 기다려 준 적이 많대요.
A49: crd07 | B49: 일반 | C49: 신용 · 대출 | D49: 보증 | E49: 이주민 | F49: 3 | H49: 🏘️ 새 이웃의 부탁 | I49: 새로 온 이웃이 집 지을 금화를 빌려 달래요. "내 장부는 아직 없어서 길드가 안 빌려줘요. 영주님 장부로 대신 빌려 주면 제가 갚을게요." | J49: 내 장부로 빌려 준다 [장부 +12, 이웃이 갚을 수도 못 갚을 수도] | K49: 내 이름으로 12닢을 빌려 이웃에게 줬어요. | L49: 거절한다 | M49: 이웃이 서운해했어요. 하지만 내 장부는 깨끗해요. | P49: 신용은 나만의 것. 남에게 빌려주는 순간 그 사람의 위험을 내가 진다(명의대여·보증). | Q49: 신뢰 3↑
A50: ins_a01 | B50: 일반 | C50: 할부 | D50: 필요 vs 욕구 | E50: 축제 | F50: 1 | H50: 🛶 나눠 내는 새 돛 | I50: 돛 장수가 멋진 새 돛을 보여 줘요. "18닢인데, 한 번에 내도 되고 세 가을에 나눠 내도 돼요. 나눠 내면 조금 얹지요." | J50: 한 번에 산다 [금화 −18] | K50: 새 돛을 달았어요. 금고는 가벼워졌지만 장부는 깨끗해요. | L50: 세 가을에 나눠 산다 [장부 +18, 매 가을 조금씩] | M50: 새 돛을 달았어요. 매 가을 {pay}닢씩, 모두 {total}닢을 내게 됐어요. | N50: 헌 돛을 기워 쓴다 [금화 −2] | O50: 헌 돛에 헝겊을 댔어요. 좀 촌스럽지만 바람은 잘 받아요. | P50: 한 번에 18 vs 나눠서 20~23. 매번 부담은 작아지지만 총액은 커진다 — 할부의 기본 구조.
A51: ins_a02 | B51: 일반 | C51: 할부 | D51: 필요 vs 욕구 | E51: 무역철 | F51: 2 | G51: Y | H51: 🧵 두 번 나누기, 네 번 나누기 | I51: 비단 장수가 멋진 영주 망토를 팔아요. 24닢. "두 가을에 나누면 조금 얹고, 네 가을에 나누면 매번은 가볍지만 더 얹지요." | J51: 두 가을에 나눈다 [매번 무겁지만 총액이 작음] | K51: 망토를 샀어요. 두 가을 동안 {pay}닢씩, 모두 {total}닢이에요. | L51: 네 가을에 나눈다 [매번 가볍지만 총액이 큼] | M51: 망토를 샀어요. 네 가을 동안 {pay}닢씩, 모두 {total}닢이에요. 3년이 지나도 다 못 갚아요! | N51: 사지 않는다 | O51: 망토 없이도 영주는 영주예요. | P51: 할부 기간이 길수록 월 부담↓ 총 이자↑. 게임이 끝나도 다 못 갚는 할부 = 미래의 나에게 넘긴 짐. | Q51: 신뢰 2↑ | R51: 비단 장수의 계산표를 몰래 보니, 네 가을에 나누면 3년 안에 다 못 갚아요.
A52: ins_a03 | B52: 일반 | C52: 할부 | D52: 소득 · 수입 늘리기 | E52: 풍년 | F52: 2 | H52: 🐂 일소 한 마리 | I52: 풍년이라 밭이 넓어졌어요. 일소가 있으면 내년부터 수확이 늘어요. 일소 값 20닢을 나눠 내도 된대요. | J52: 나눠 내고 산다 [장부 +20, 내년부터 곡식 +] | K52: 일소가 음메! 매 가을 {pay}닢씩 갚아요. | L52: 금화를 모아 내년에 산다 | M52: 내년엔 금화로 사기로 했어요. | P52: 나눠 낸 값보다 벌어다 주는 게 크면 할부도 도구가 된다. 소비 할부 vs 생산 할부. | Q52: 신뢰 2↑
A53: ins_a04 | B53: 일반 | C53: 할부 | D53: 예산, 결제일 | E53: 평온한 날 | F53: 3 | H53: 📦 할부가 겹쳤어요 | I53: 장부를 펼치니 이미 나눠 내는 게 있어요. 그런데 가구 장수가 "이 의자도 세 번에 나눠 내면 한 번에 5닢씩밖에 안 해요!" 해요. | J53: 의자도 나눠 산다 [장부 +12] | K53: 의자는 편해요. 장부엔 나눠 낼 줄이 하나 더 생겼어요. 가을마다 나가는 돈이 늘었어요. | L53: 지금 나눠 내는 게 끝나면 산다 | M53: "하나씩 끝내고요." 가구 장수는 내년에 다시 오겠대요. | P53: "한 번에 5닢"만 보면 싸다. 할부가 여러 개 겹치면 결제일마다 나가는 합계가 커져 연체로 이어진다. | Q53: 빚이 있을 때, 신뢰 2↑
A54: ins_a05 | B54: 일반 | C54: 할부 | D54: 보험 | E54: 태풍 | F54: 3 | H54: 🌀 태풍 전에 나눠 짓기 | I54: 태풍 예보가 들려요. 석공이 말해요. "튼튼한 돌담을 지어 드리죠. 금화 15닢, 세 가을에 나눠 내셔도 되고요." | J54: 나눠 내고 짓는다 [장부 +15, 이번 겨울 태풍 대비] | K54: 돌담이 섰어요. 태풍이 와도 든든해요. 매 가을 {pay}닢씩 갚아요. | L54: 금화로 짓는다 [금화 −15, 이번 겨울 태풍 대비] | M54: 금고를 비워 돌담을 쌓았어요. | N54: 짓지 않는다 | O54: 예보가 틀리길 바라요. | P54: 할부가 늘 나쁜 건 아니다: 지금 없으면 더 큰 손해가 나는 것을 먼저 갖는 수단. 대신 총액은 늘어난다. | Q54: 신뢰 2↑
A55: ins_a06 | B55: 일반 | C55: 할부 | D55: 필요 vs 욕구 | E55: 축제 | F55: 1 | H55: 🎉 "얹는 몫 없음" 축제 | I55: 길드 창립 축제래요! "오늘만 나눠 내도 얹는 몫이 없어요!" 사람들이 줄을 섰어요. 영주님이 사려던 그물은 9닢이에요. | J55: 얹는 몫 없이 세 번에 나눠 산다 [장부 +9, 이자 없음] | K55: 그물을 샀어요. 매 가을 3닢씩, 딱 9닢만 내요. | L55: 필요 없는 것도 같이 산다 [장부 +20, 이자 없음] | M55: "얹는 몫이 없으니까!" 그물에 거울, 모자까지 샀어요. 장부가 두꺼워졌어요. | P55: 무이자 할부는 이자는 없지만 "빚"이다. 공짜처럼 느껴져 과소비로 이어지기 쉽다. | Q55: 신뢰 2↑
A56: due01 | B56: 일반 | C56: 결제일 | E56: 축제 | F56: 1 | H56: 📅 장부의 날 달력 | I56: 길드 서기가 달력을 가져왔어요. "가을 장부의 날에 빨간 동그라미를 쳐 두세요. 그날 금고에 갚을 돈이 없으면 안 돼요." | J56: 달력을 걸고 금화를 떼어 둔다 | K56: 달력에 동그라미를 크게 쳤어요. 금고 한쪽에 "장부 몫" 주머니를 만들었어요. | L56: 달력은 필요 없다 [기억하면 되지] | M56: 달력은 창고 구석에 말려 들어갔어요. | P56: 결제일 = 돈이 "자동으로 빠져나가는 날". 그 전에 잔고를 확인하는 습관. | Q56: 빚이 있을 때
A57: due02 | B57: 일반 | C57: 결제일 | D57: 연체 · 신용점수, 예산 | E57: 무역철 | F57: 2 | G57: Y | H57: 🛍️ 장부의 날 바로 전 | I57: 내일이 가을 장부의 날인데, 오늘 항구에 반짝이는 구두가 들어왔어요. 10닢. 금고엔 내일 낼 돈이 딱 들어 있어요. | J57: 구두를 산다 [금화 −10] | K57: 반짝반짝! 그런데 내일 장부의 날에 낼 돈이 모자랄지도 몰라요. | L57: 장부의 날이 지나고 본다 | M57: 장부를 먼저 정리하고 남으면 사기로 했어요. | P57: 결제일 직전 소비 → 잔고 부족 → 연체. "쓰기 전에 나갈 돈부터". | Q57: 빚이 있을 때 | R57: 금고 안 금화는 내일 장부의 날 몫과 딱 같아요. 1닢도 남지 않아요. | S57: 장부의 날 몫을 따로 떼어 두고 남는지 본다 [금화 변화 없음, 구두는 다음 기회]
A58: due03 | B58: 일반 | C58: 결제일 | E58: 풍년 | F58: 2 | H58: 📆 장부의 날을 옮길까 | I58: 길드 상인이 제안해요. "장부의 날을 수확 바로 다음으로 잡아 드릴까요? 곡식을 팔고 나서 갚으면 편하잖아요. 대신 금화 2닢." | J58: 옮긴다 [금화 −2, 이번 가을 세금 몫 여유] | K58: 이제 수확하고 곡식 팔고 난 뒤에 갚아요. 훨씬 덜 조마조마해요. | L58: 그대로 둔다 | M58: 장부의 날은 그대로예요. | P58: 결제일은 고를 수 있다. 수입이 들어오는 날 직후로 맞추면 연체 위험이 준다(급여일-결제일 맞추기). | Q58: 빚이 있을 때
A59: due04 | B59: 일반 | C59: 결제일 | D59: 연체 · 신용점수, 사후 대응 비용 | E59: 가뭄 | F59: 3 | H59: ☀️ 가뭄과 장부의 날 | I59: 가뭄 때문에 올가을 수확이 줄 거래요. 그러면 곡식 팔 돈도 줄고, 장부의 날에 낼 금화가 모자랄 수 있어요. | J59: 지금 미리 조금 갚아 둔다 [금화 −6, 빚 6닢 줄어듦] | K59: 여유 있을 때 미리 냈어요. 가을 장부의 날이 덜 무서워요. | L59: 길드에 장부의 날을 미뤄 달라고 한다 [신뢰 −1, 이번 가을 상환 미룸] | M59: 길드는 미뤄 줬지만 장부에 "미룸" 도장이 찍혔어요. | N59: 그냥 기다린다 | O59: 가을이 되면 어떻게든 되겠죠. 밭은 계속 말라 가요. | P59: 수입 충격이 예상될 때: 선결제 vs 결제 유예(신용 기록에 남음) vs 무대응. | Q59: 빚이 있을 때
A60: lim01 | B60: 일반 | C60: 신용 한도 | E60: 무역철 | F60: 1 | H60: 📏 장부의 빨간 줄 | I60: 길드 장부 맨 아래에 빨간 줄이 그어져 있어요. 서기가 말해요. "영주님이 빌릴 수 있는 건 여기까지예요. 약속을 잘 지키면 줄이 내려가요." | J60: 빨간 줄이 어디까지인지 물어본다 | K60: "신뢰 하나에 10닢이에요. 지금은 ♥ 수만큼이죠." 이제 알겠어요! | L60: 빨간 줄은 무시한다 [필요하면 또 빌리면 되지] | M60: 서기가 고개를 저었어요. "줄을 넘으면 장부가 안 열려요." | P60: 한도 = 믿음의 크기. 한도는 "쓸 수 있는 내 돈"이 아니라 "빌릴 수 있는 최대치".
A61: lim02 | B61: 일반 | C61: 신용 한도 | D61: 사후 대응 비용 | E61: 흉년 | F61: 2 | G61: Y | H61: 🚫 장부가 안 열려요 | I61: 흉년이라 곡식이 부족해 길드에 외상을 부탁했는데, 서기가 장부를 덮어요. "빨간 줄이 꽉 찼어요. 먼저 좀 갚으셔야 해요." | J61: 금화로 조금 갚고 곡식을 받는다 [금화 −8 선결제, 곡식 +6 금화로 사기] | K61: 빚을 조금 줄였더니 장부가 다시 열렸어요. | L61: 이웃에게 비싸게 곡식을 산다 [금화 −10, 곡식 +6] | M61: 이웃 섬 곡식은 두 배 가까이 비쌌어요. | N61: 버틴다 | O61: 올겨울은 아껴 먹어야겠어요. | P61: 한도가 꽉 차면 급할 때 쓸 수 없다. 한도의 여유분도 일종의 비상금. | Q61: 빚이 있을 때 | R61: 이웃 섬 곡식값은 길드보다 두 배 가까이 비싸대요.
A62: lim03 | B62: 일반 | C62: 신용 한도 | D62: 필요 vs 욕구 | E62: 축제 | F62: 3 | H62: ⬆️ 빨간 줄을 내려 드려요 | I62: 축제날 길드 상인이 신이 나서 말해요. "영주님은 약속을 잘 지키셨어요! 빨간 줄을 20닢 더 내려 드릴게요. 더 많이 빌리실 수 있어요!" | J62: 한도를 늘린다 [빌릴 수 있는 크기 +20] | K62: 장부의 빨간 줄이 쑥 내려갔어요. 기분이 좋아요. | L62: 지금으로 충분하다 | M62: "더 빌릴 일이 없는데요." 상인이 눈을 동그랗게 떴어요. | N62: 한도를 늘리고 바로 축제 음식을 외상으로 [한도 +20, 장부 +10] | O62: 한도가 늘자마자 써 버렸어요. 장부가 두꺼워졌어요. | P62: 한도 상향은 칭찬이지 "더 쓰라"는 뜻이 아니다. 늘어난 한도만큼 소비가 느는 함정. | Q62: 신뢰 4↑
A63: ovd01 | B63: 일반 | C63: 연체 · 신용점수 | E63: 평온한 날 | F63: 1 | H63: 💌 약속 편지 | I63: 작년에 약속을 잘 지킨 섬들에게 길드가 편지를 보냈어요. "다음 외상은 얹는 몫을 깎아 드릴게요." 우리 섬에도 왔을까요? | J63: 편지를 열어 본다 | K63: "신뢰가 높을수록 빌리는 값이 싸져요." 신뢰 하트를 다시 봤어요. | L63: 길드 서기를 초대해 장부를 함께 본다 [금화 −2, 신뢰 +1] | M63: 서기가 장부를 꼼꼼히 봐 주고 "성실한 영주"라고 적어 줬어요. | P63: 신용점수의 효과: 신뢰 5 → 이자 10%, 3~4 → 15%, 2 → 25%. 기록이 가격을 바꾼다.
A64: ovd02 | B64: 일반 | C64: 연체 · 신용점수 | D64: 결제일 | E64: 흉년 | F64: 2 | G64: Y | H64: ⏰ 딱 하루 늦었는데 | I64: 흉년이라 장부의 날 하루 늦게 갚은 섬이 있대요. 길드는 "하루도 늦은 건 늦은 것"이라며 신뢰를 깎았대요. 우리 섬 장부의 날도 다가와요. | J64: 곡식을 조금 팔아 미리 준비한다 [곡식 −8, 금화 +8] | K64: 장부의 날 몫을 미리 만들어 두었어요. | L64: 괜찮겠지 | M64: 장부의 날까지 아직 멀었어요… 그렇죠? | P64: 연체는 금액보다 "기록"이 문제. 하루라도 늦으면 신용 기록에 남는다. | Q64: 빚이 있을 때 | R64: 늦게 갚은 그 섬도 처음엔 '괜찮겠지' 했대요.
A65: ovd03 | B65: 일반 | C65: 연체 · 신용점수 | D65: 나눔 · 기부, 상관 위험 | E65: 태풍 | F65: 3 | H65: 🌊 태풍 뒤 장부 | I65: 태풍이 이웃 섬을 휩쓸었어요. 그 섬 영주가 길드 빚을 못 갚아 신뢰가 바닥이 됐대요. 이제 누구도 그 섬에 외상을 주지 않는대요. | J65: 이웃 섬 빚 일부를 대신 갚아 준다 [금화 −8, 신뢰 +1] | K65: "어려울 때 돕는 영주"라는 소문이 길드에 퍼졌어요. | L65: 우리 장부부터 점검한다 | M65: 장부를 펼쳐 갚을 돈을 다시 셌어요. 우리 섬은 저렇게 되지 않게. | N65: 그 섬에 곡식을 비싸게 판다 [곡식 −8, 금화 +14] | O65: 급한 이웃에게 곡식을 비싸게 팔았어요. 금화는 늘었지만 길드가 쑥덕여요. | P65: 신용이 무너지면 "빌릴 수 없는 사람"이 된다. 재난 → 연체 → 신용불량의 연쇄.
A66: ovd04 | B66: 일반 | C66: 연체 · 신용점수 | D66: 신용 · 대출 | E66: 이주민 | F66: 2 | H66: 🧑‍🌾 장부 없는 사람 | I66: 새로 온 청년이 말해요. "저는 한 번도 빌려 본 적이 없어서 길드가 저를 몰라요. 그래서 외상을 안 준대요." | J66: 작은 외상부터 해 보라고 알려 준다 [신뢰 +1 (섬의 평판)] | K66: 청년이 작은 그물을 외상으로 사고 제때 갚았대요. 길드가 섬 전체를 더 믿게 됐어요. | L66: 빌리지 않는 게 최고라고 말한다 | M66: 청년은 고개를 끄덕였지만 여전히 길드는 그를 몰라요. | P66: 신용 기록이 없는 것(신파일러)도 불리하다. 작게 빌리고 제때 갚는 기록이 신용을 만든다.
A67: ovd05 | B67: 일반 | C67: 연체 · 신용점수 | D67: 보험, 저축 · 비상금 | E67: 한파 | F67: 3 | H67: 🥶 혹한 앞의 선택 | I67: 혹한 예보가 떴어요. 털옷을 사면 장부의 날에 낼 금화가 모자라요. 털옷을 안 사면 겨울에 곡식이 얼 수도 있어요. | J67: 털옷을 사고 장부의 날은 어떻게든 [금화 −6, 혹한 대비] | K67: 털옷은 샀어요. 장부의 날엔… 조마조마해요. | L67: 장부의 날 몫은 지킨다 | M67: 털옷은 못 샀지만 약속은 지킬 수 있어요. | N67: 털옷을 외상으로 산다 [장부 +6, 혹한 대비] | O67: 외상으로 털옷을 샀어요. 장부가 조금 더 무거워졌어요. | P67: 정답이 없는 딜레마: 위험 대비 vs 신용 유지. 금고 여유(비상금)가 있었다면 고민할 필요가 없었다는 것이 핵심. | Q67: 빚이 있을 때
A68: opp01 | B68: 일반 | C68: 기회비용 | E68: 평온한 날 | F68: 1 | H68: ⚖️ 하루에 한 가지 | I68: 섬사람들이 영주님께 오늘 할 일을 물어요. 밭을 매면 곡식이, 고기를 잡으면 금화가 생겨요. 하루에 둘 다는 못 해요. | J68: 밭을 맨다 [가을 수확 +4] | K68: 밭이 반들반들해졌어요. 오늘 바다에 나갔다면 금화를 벌었겠지만요. | L68: 고기를 잡는다 [금화 +4] | M68: 물고기를 팔아 금화를 벌었어요. 밭은 하루 쉬었어요. | P68: 기회비용 = 고른 것 때문에 포기한 것의 값. 결과가 같아 보여도 "포기한 것"을 말해 보게 한다.
A69: opp02 | B69: 일반 | C69: 기회비용 | D69: 소득 · 수입 늘리기 | E69: 무역철 | F69: 2 | G69: Y | H69: 🎟️ 마지막 한 자리 | I69: 무역선에 딱 한 자리가 남았어요. 우리 곡식을 실어 비싸게 팔 수도 있고, 섬 아이를 태워 먼 섬 학교에 보낼 수도 있어요. | J69: 곡식을 싣는다 [곡식 −10, 가을에 금화 +16] | K69: 곡식 자루를 실었어요. | L69: 아이를 태운다 [금화 −4, 내년에 금화 +10] | M69: 아이가 손을 흔들며 떠났어요. "배워서 올게요!" | P69: 빠른 수익 vs 늦게 오지만 오래가는 수익(교육 = 인적자본 투자). | R69: 먼 섬 학교에 다녀온 아이들은 돌아와서 섬 벌이를 늘렸대요.
A70: opp03 | B70: 일반 | C70: 기회비용 | D70: 보험, 소득 · 수입 늘리기 | E70: 풍년 | F70: 2 | H70: 🏗️ 두 건물 사이에서 | I70: 풍년이라 금화가 좀 생겼어요. 목수가 말해요. "방파제 재료랑 시장 재료가 같이 들어왔어요. 한쪽을 미리 사 두면 봄에 싸게 지을 수 있어요." | J70: 방파제 재료를 산다 [금화 −6, 이번 겨울 태풍 대비] | K70: 돌을 미리 쌓아 뒀어요. 태풍엔 든든해요. | L70: 시장 재료를 산다 [금화 −6, 가을 금화 +8] | M70: 가판대를 먼저 세웠어요. 가을에 벌이가 늘 거예요. | N70: 둘 다 안 산다 | O70: 금화를 아꼈어요. | P70: "안전"과 "벌이" 중 무엇을 먼저? 예보가 태풍이면 답이 달라진다 — 기회비용은 상황에 따라 변한다.
A71: opp04 | B71: 일반 | C71: 기회비용 | D71: 필요 vs 욕구 | E71: 축제 | F71: 1 | H71: 🍭 사탕이냐 연이냐 | I71: 축제 장터에서 금화 3닢이 있어요. 사탕 한 봉지와 커다란 연, 둘 다 3닢이에요. | J71: 사탕을 산다 [금화 −3] | K71: 달콤했어요! 저녁쯤엔 다 먹고 없어요. | L71: 연을 산다 [금화 −3] | M71: 가을 내내 바람이 불 때마다 연을 날렸어요. | N71: 아무것도 안 산다 | O71: 3닢은 금고로 돌아갔어요. | P71: 같은 값, 다른 즐거움의 길이. 무엇을 포기했는지 말하기 연습.
A72: opp05 | B72: 일반 | C72: 기회비용 | D72: 저축 · 비상금, 소득 · 수입 늘리기 | E72: 이주민 | F72: 3 | H72: 👷 일꾼 셋 | I72: 일꾼 셋이 한 계절 일해 주겠대요. 품삯은 금화 9닢. 창고를 고치거나, 밭을 넓히거나, 항구를 치우거나 — 셋 다 할 시간은 없대요. | J72: 밭을 넓힌다 [금화 −9, 가을 수확 +10] | K72: 밭이 한 뼘 넓어졌어요. | L72: 창고를 고친다 [금화 −9, 곡식 안 썩음·혹한 대비] | M72: 창고 틈이 막혔어요. 겨울도 끄떡없어요. | N72: 항구를 치운다 [금화 −9, 가을 금화 +12] | O72: 배들이 더 많이 들어오기 시작했어요. | P72: 세 선택 모두 이득이지만 하나만 가능. 예보·창고 상태에 따라 최선이 달라진다 = 기회비용 판단. | Q72: 금화 9↑
A73: opp06 | B73: 일반 | C73: 기회비용 | D73: 보험, 물가 | E73: 가뭄 | F73: 3 | H73: 💧 물 한 통의 쓰임 | I73: 가뭄이 심해요. 남은 물 한 통으로 밭에 줄지, 가축에게 줄지, 이웃 섬에 비싸게 팔지 정해야 해요. | J73: 밭에 준다 [가뭄 피해 줄어듦] | K73: 밭이 한숨 돌렸어요. | L73: 이웃 섬에 판다 [금화 +10, 가뭄 피해 그대로] | M73: 물 한 통이 금화 10닢! 우리 밭은 말라 가요. | P73: 희소한 자원일수록 기회비용이 커진다. 저수지(미리 대비)가 있으면 선택지가 넓어진다.
A74: nw01 | B74: 일반 | C74: 필요 vs 욕구 | E74: 축제 | F74: 1 | H74: 👑 반짝이 왕관 | I74: 장터에 번쩍이는 왕관이 있어요. "영주라면 왕관 하나쯤은!" 12닢이래요. 머리에 쓰면 무거워서 일하기는 힘들대요. | J74: 산다 [금화 −12] | K74: 왕관이 반짝! 사흘쯤 쓰고 다녔어요. 지금은 선반 위에 있어요. | L74: 안 산다 | M74: 왕관은 없지만 영주님은 여전히 영주님이에요. | P74: "갖고 싶은 것"과 "필요한 것" 구분 입문.
A75: nw02 | B75: 일반 | C75: 필요 vs 욕구 | E75: 한파 | F75: 1 | H75: 🧤 털장갑과 비단장갑 | I75: 한파가 온대요. 털장갑은 4닢, 반짝이는 비단장갑은 10닢. 비단장갑은 예쁘지만 별로 안 따뜻해요. | J75: 털장갑 [금화 −4] | K75: 손이 뜨끈뜨끈해요. | L75: 비단장갑 [금화 −10] | M75: 예뻐요! 그런데 손이 시려요. | P75: 같은 필요를 채우는 여러 선택지 중 "욕구"가 섞인 비싼 쪽. 필요 = 기능, 욕구 = 추가 가치.
A76: nw03 | B76: 일반 | C76: 필요 vs 욕구 | D76: 비교 구매 | E76: 무역철 | F76: 2 | G76: Y | H76: 📣 모두가 가진 망원경 | I76: 이웃 섬 영주들이 다 망원경을 샀대요. 영주님 아이가 조르네요. "우리만 없어요!" 망원경은 15닢이에요. | J76: 산다 [금화 −15] | K76: 아이는 신났어요. 일주일 뒤엔 망원경이 서랍에 들어갔어요. | L76: 빌려 쓸 수 있는지 알아본다 [금화 −2] | M76: 이웃 섬에 2닢 내고 하루 빌렸어요. 아이는 하루 종일 별을 봤어요. | N76: 안 산다 | O76: 아이가 조금 삐졌지만 저녁엔 괜찮아졌어요. | P76: 또래 압력(모두 가졌다)이 만드는 욕구. 사지 않고 빌리는 대안도 있다. | R76: 망원경을 산 이웃 섬 아이들은 대부분 일주일 만에 서랍에 넣었대요.
A77: nw04 | B77: 일반 | C77: 필요 vs 욕구 | D77: 사기 예방, 보험 | E77: 역병 | F77: 2 | H77: 🍯 만병통치 꿀 | I77: 역병 소문이 돌자 꿀 장수가 왔어요. "이 꿀만 먹으면 어떤 병도 안 걸려요! 10닢." 약초꾼은 "그냥 꿀이에요" 하네요. | J77: 꿀을 산다 [금화 −10] | K77: 달콤했어요. 병을 막아 줄지는… 두고 봐야죠. | L77: 그 돈으로 진짜 약초를 산다 [금화 −4, 역병 대비] | M77: 약초꾼에게 약초를 샀어요. 쓴맛이지만 든든해요. | N77: 아무것도 안 산다 | O77: 꿀 장수는 다음 섬으로 갔어요. | P77: 불안을 파는 과장 광고. 진짜 필요(역병 대비)를 채우는 합리적 대안이 옆에 있다.
A78: nw05 | B78: 일반 | C78: 필요 vs 욕구 | D78: 저축 · 비상금 | E78: 풍년 | F78: 2 | H78: 🛏️ 두 번째 침대 | I78: 풍년이라 금화가 좀 남았어요. 가구 장수가 멋진 침대를 권해요. 이미 침대는 있지만 더 푹신하대요. 14닢. | J78: 산다 [금화 −14] | K78: 푹신해요! 그런데 원래 침대도 괜찮았어요. | L78: 헌 침대에 새 이불만 [금화 −3] | M78: 새 이불 하나로도 충분히 푹신해졌어요. | N78: 금화를 모은다 | O78: 풍년 금화는 금고로 들어갔어요. | P78: 돈이 남을 때 욕구가 커진다. "업그레이드 소비" 인식.
A79: nw06 | B79: 일반 | C79: 필요 vs 욕구 | D79: 신용 · 대출 | E79: 화재 | F79: 3 | H79: 🔥 불탄 광과 새 옷 | I79: 광에 작은 불이 나 곡식 몇 섬이 탔어요. 광을 고치려면 8닢. 그런데 오늘 영주님 생일이라 새 옷도 사고 싶어요. 새 옷도 8닢. | J79: 광을 고친다 [금화 −8] | K79: 광이 튼튼해졌어요. 생일 옷은 내년에요. | L79: 새 옷을 산다 [금화 −8] | M79: 새 옷을 입었어요! 광 구멍으로 비가 새요. | N79: 둘 다 외상으로 [장부 +16] | O79: 둘 다 했어요! 장부가 두툼해졌어요. | P79: 필요가 급할 때 욕구를 미루기. 둘 다 외상으로 하는 선택의 비용도 계산.
A80: bud01 | B80: 일반 | C80: 예산 | D80: 나눔 · 기부 | E80: 평온한 날 | F80: 1 | H80: 🥣 세 개의 그릇 | I80: 영주님 어머니가 그릇 세 개를 내밀어요. "가을에 거둔 걸 셋으로 나눠 봐. 먹을 것, 모을 것, 나눌 것." | J80: 세 그릇에 나눠 담는다 [곡식 −3 (나눔), 섬 신뢰 +1] | K80: 먹을 것, 모을 것, 이웃에게 줄 것. 그릇이 딱 맞게 찼어요. | L80: 한 그릇에 다 담는다 | M80: 그릇 하나가 넘치도록 찼어요. 얼마나 먹어도 되는지 모르겠어요. | P80: 예산의 가장 쉬운 형태: 쓰기·모으기·나누기 봉투(그릇) 나누기.
A81: bud02 | B81: 일반 | C81: 예산 | D81: 저축 · 비상금 | E81: 축제 | F81: 2 | H81: 🎪 축제 용돈 | I81: 축제 사흘 동안 쓸 금화가 9닢 있어요. 첫날 장터에 맛있는 게 너무 많아요. | J81: 첫날 다 쓴다 [금화 −9] | K81: 첫날은 최고였어요! 둘째 날, 셋째 날은 구경만 했어요. | L81: 하루 3닢씩 나눈다 [금화 −9] | M81: 사흘 내내 조금씩 즐겼어요. | N81: 하루 2닢씩, 3닢은 남긴다 [금화 −6] | O81: 조금 아쉬웠지만 3닢이 남았어요. | P81: 같은 금액이어도 시간에 나눠 계획하면 만족이 다르다. 결과 금액보다 "계획 여부"를 토론. | Q81: 금화 9↑
A82: bud03 | B82: 일반 | C82: 예산 | E82: 흉년 | F82: 2 | H82: 📝 흉년 장부 | I82: 흉년이 든대요. 서기가 묻네요. "올해 곡식을 얼마나 쓸지 미리 적어 둘까요? 적어 두면 덜 쓰게 되거든요." | J82: 적어 둔다 [겨울 식량 −2] | K82: 벽에 곡식 계획표를 붙였어요. 다들 계획대로 아껴 먹어요. | L82: 그냥 먹던 대로 | M82: 늘 먹던 대로 먹었어요. | P82: 계획을 적는 것만으로 지출이 준다. 가계부의 효과.
A83: bud04 | B83: 일반 | C83: 예산 | D83: 결제일, 저축 · 비상금 | E83: 무역철 | F83: 3 | G83: Y | H83: 🧮 가을 장부의 날 계산 | I83: 장부의 날에 갚을 돈, 겨울 식량, 봄에 지을 건물 값. 한꺼번에 다 할 금화는 없어요. 무엇부터 떼어 둘까요? | J83: 갚을 돈부터 떼어 둔다 | K83: 약속부터 지키기로 했어요. 봄 건물은 다음에. | L83: 봄 건물 값부터 모은다 [금화 +0, 연체 위험] | M83: 봄 건물 생각에 설레요. 장부의 날엔 조금 모자랄 수도 있어요. | N83: 겨울 식량부터 떼어 둔다 [곡식 판매 줄이기] | O83: 겨울 몫 곡식에 끈을 묶었어요. | P83: 예산은 우선순위다: 필수(식량) → 의무(빚) → 선택(건물). 어떤 순서가 망하지 않는지 토론. | Q83: 빚이 있을 때 | R83: 장부의 날에 못 낸 섬은 길드 신뢰가 깎였대요.
A84: bud05 | B84: 일반 | C84: 예산 | E84: 이주민 | F84: 1 | H84: 🍞 빵을 몇 개 구울까 | I84: 이주민 가족이 와서 빵을 나눠 먹기로 했어요. 밀가루는 곡식 6섬 분량. 한 번에 다 구우면 이틀 만에 없어진대요. | J84: 한 번에 다 굽는다 [곡식 −6] | K84: 빵 잔치! 이틀 뒤엔 빵이 없어요. | L84: 나눠 굽는다 [곡식 −4] | M84: 매일 조금씩 구웠어요. 밀가루가 남았어요. | P84: 같은 자원도 나눠 쓰면 오래 간다. 예산 = 시간에 나누기.
A85: bud06 | B85: 일반 | C85: 예산 | D85: 보험, 신용 · 대출 | E85: 태풍 | F85: 3 | H85: 🏚️ 태풍 뒤 가계부 | I85: 태풍 예보에 섬사람들이 우왕좌왕해요. 방파제 수리, 곡식 옮기기, 배 묶기 — 다 하려면 금화 20닢. 금고엔 12닢뿐이에요. | J85: 가장 큰 피해부터 막는다 (곡식 옮기기) [금화 −6, 태풍 대비] | K85: 곡식부터 언덕 위로 옮겼어요. 배는 좀 걱정돼요. | L85: 조금씩 다 한다 [금화 −12] | M85: 다 조금씩 했어요. 뭐 하나 제대로 된 게 없는 것 같아요. | N85: 외상으로 다 한다 [장부 +20, 태풍 대비] | O85: 다 했어요! 장부가 20닢 넘게 늘었어요. | P85: 돈이 모자랄 때의 예산 = 우선순위 정하기. "조금씩 다"는 흔한 실패 패턴. | Q85: 금화 12↑
A86: inc01 | B86: 일반 | C86: 소득 · 수입 늘리기 | E86: 무역철 | F86: 1 | H86: 🧺 바구니 짜기 | I86: 비 오는 날이 많아 밭일을 못 해요. 섬사람들이 "바구니를 짜서 팔면 어때요?" 해요. 재료값은 금화 3닢이에요. | J86: 바구니를 짠다 [금화 −3, 가을에 금화 +7] | K86: 비 오는 날마다 바구니를 짰어요. | L86: 그냥 쉰다 | M86: 빗소리를 들으며 푹 쉬었어요. | P86: 수입은 "한 가지"만 있는 게 아니다. 작은 부업·재능이 수입원이 된다.
A87: inc02 | B87: 일반 | C87: 소득 · 수입 늘리기 | D87: 기회비용 | E87: 축제 | F87: 1 | H87: 🎨 영주의 그림 솜씨 | I87: 축제에서 초상화를 그려 주면 한 장에 1닢씩 준대요. 하루 종일 그리면 손이 아프지만 금화가 생겨요. | J87: 하루 종일 그린다 [금화 +6] | K87: 초상화 여섯 장! 손목이 욱신거려요. | L87: 축제를 즐긴다 | M87: 그림 대신 춤을 췄어요. 신났어요! | P87: 일해서 버는 소득(근로소득)과 그 대가(시간·노력).
A88: inc03 | B88: 일반 | C88: 소득 · 수입 늘리기 | E88: 풍년 | F88: 2 | G88: Y | H88: 🏪 가판대 하나 | I88: 풍년이라 곡식이 넘쳐요. 항구에 가판대를 세우면 매 가을 곡식을 조금 더 비싸게 팔 수 있대요. 가판대는 금화 8닢. | J88: 가판대를 세운다 [금화 −8, 가을마다 금화 +4 (두 해)] | K88: 작은 가판대가 섰어요. 벌써 손님이 기웃거려요. | L88: 그냥 곡식을 판다 | M88: 늘 하던 대로 팔았어요. | P88: 벌이를 늘리는 투자는 시간이 지날수록 비용을 넘어선다(8 → 4+4, 이후 계속). | R88: 가판대는 두 해 동안 가을마다 4닢, 모두 8닢을 벌어 줘요. 짓는 값과 딱 같아요.
A89: inc04 | B89: 일반 | C89: 소득 · 수입 늘리기 | E89: 이주민 | F89: 2 | H89: 🔨 대장장이 청년 | I89: 대장장이 청년이 섬에 머물고 싶대요. 대장간을 차려 주면(금화 10닢) 도구를 고쳐 주고, 내년부터 수확이 늘 거래요. | J89: 대장간을 차려 준다 [금화 −10, 내년·내후년 곡식 +] | K89: 쨍그랑! 섬에 망치 소리가 울려요. | L89: 다음에 | M89: 청년은 다른 섬으로 갔어요. | P89: 당장은 손해지만 여러 해 동안 수익을 내는 투자. 3년 게임에서 언제 해야 이득인지(늦게 하면 회수 못 함) 생각해 보기. | Q89: 금화 10↑
A90: inc05 | B90: 일반 | C90: 소득 · 수입 늘리기 | D90: 저축 · 비상금, 위험과 수익 | E90: 흉년 | F90: 3 | H90: 🌾 흉년에 씨앗 사기 | I90: 흉년이라 다들 씨앗을 안 사요. 그래서 씨앗값이 반값이에요. 지금 사 두면 내년 수확이 늘지만, 올겨울 금화가 빠듯해져요. | J90: 반값 씨앗을 산다 [금화 −8, 내년 가을 곡식 +14] | K90: 다들 이상하게 쳐다봤지만 씨앗을 한가득 샀어요. | L90: 금화를 지킨다 | M90: 올겨울 금고는 든든해요. | P90: 남들이 두려워할 때 싸게 투자하기 — 단, 비상금을 해치지 않는 선에서. 둘 다 합리적일 수 있다. | Q90: 2년차부터
A91: inc06 | B91: 일반 | C91: 소득 · 수입 늘리기 | D91: 기회비용, 이자 · 복리 | E91: 평온한 날 | F91: 2 | H91: 📚 글 배우기 | I91: 떠돌이 학자가 섬 아이들에게 글과 셈을 가르쳐 주겠대요. 한 계절 수업료 금화 6닢. 아이들이 공부하는 동안 밭일은 줄어요. | J91: 수업을 연다 [금화 −6, 수확 −3, 내년 금화 +10] | K91: 아이들이 칠판 앞에 모였어요. | L91: 밭일이 먼저다 | M91: 아이들은 오늘도 밭으로 나갔어요. | P91: 교육은 가장 오래가는 수입 투자(인적자본). 당장의 수확을 포기하는 기회비용이 있다.
A92: rr01 | B92: 일반 | C92: 위험과 수익 | D92: 사기 예방 | E92: 평온한 날 | F92: 1 | H92: 🎲 조개 뽑기 | I92: 해변 노점에서 조개 뽑기를 해요. 금화 2닢을 내면 진주가 나올 수도 있대요(열에 하나). 진주는 금화 10닢. | J92: 한 번 해 본다 [금화 −2] | K92: 두근두근… 조개를 열었어요! | L92: 안 한다 | M92: 구경만 했어요. 다섯 명이 해서 아무도 진주를 못 찾았어요. | P92: 기대값 = 10×0.1 − 2 = −1. 한 번은 재미지만 계속하면 반드시 잃는 구조(도박).
A93: rr02 | B93: 일반 | C93: 위험과 수익 | E93: 무역철 | F93: 2 | H93: 💎 진주 조개 양식 | I93: 어부가 진주 조개 양식을 하재요. 금화 8닢을 대면 가을에 진주가 나올 수도(반반), 조개만 나올 수도 있대요. | J93: 8닢을 댄다 [가을에 금화 20 또는 3] | K93: 조개를 바다에 담갔어요. | L93: 4닢만 댄다 [가을에 금화 10 또는 1] | M93: 조개 절반만 담갔어요. | N93: 안 댄다 | O93: 조개는 어부 혼자 키우기로 했어요. | P93: 같은 위험이라도 거는 크기를 조절할 수 있다(비중 조절). 기대값 8→11.5, 4→5.75.
A94: rr03 | B94: 일반 | C94: 위험과 수익 | D94: 상관 위험, 정보의 가치 · 예측 | E94: 태풍 | F94: 3 | H94: 🌀 태풍 철의 무역선 | I94: 태풍 예보 속에도 무역선 선장이 떠나려 해요. "태풍 철엔 물건값이 뛰어요. 돌아오면 세 배! 대신 침몰할 확률도 높지요." | J94: 금화 10닢을 건다 [가을에 금화 30 또는 0] | K94: 선장이 비장하게 떠났어요. | L94: 태풍 철은 피한다 | M94: "다음 계절에 가요." 선장은 혼자 떠났어요. | P94: 수익이 커지면 위험도 커진다. 기대값 0.35×30=10.5 ≈ 본전 — 위험만 크고 보상은 없는 선택일 수도. | Q94: 금화 10↑
A95: rr04 | B95: 일반 | C95: 위험과 수익 | D95: 유동성 · 만기 | E95: 풍년 | F95: 2 | H95: 🍇 포도주 담그기 | I95: 풍년 포도로 포도주를 담글 수 있어요. 곡식 8섬어치 포도가 들어요. 잘 익으면 비싸게 팔리지만, 시어 버릴 수도 있어요. | J95: 포도주를 담근다 [곡식 −8, 내년 가을 금화 20 또는 2] | K95: 항아리에 포도를 꾹꾹 눌러 담았어요. | L95: 곡식으로 둔다 | M95: 곡식은 광에 그대로예요. | P95: 시간이 걸리는 위험 투자. 기다리는 동안은 곡식을 쓸 수 없다(유동성 비용). | Q95: 곡식 20↑
A96: rr05 | B96: 일반 | C96: 위험과 수익 | E96: 축제 | F96: 3 | H96: 🏇 축제 경주 | I96: 축제에서 배 경주가 열려요. 우리 섬 배에 걸면 두 배, 이웃 섬 배에 걸면 1.2배래요. 우리 섬 배는 좀 느려요. | J96: 우리 섬 배에 5닢 [이길 확률 낮음, 두 배] | K96: 응원가를 불렀어요! | L96: 이웃 섬 배에 5닢 [이길 확률 높음, 1.2배] | M96: 빠른 배에 걸었어요. | N96: 응원만 한다 | O96: 목이 쉬도록 응원했어요. 금화는 그대로예요. | P96: 두 선택의 기대값: 우리 섬 −2, 이웃 섬 −0.5. 걸지 않는 게 기대값 0으로 가장 높다.
A97: liq01 | B97: 일반 | C97: 유동성 · 만기 | D97: 저축 · 비상금, 보험 | E97: 역병 | F97: 2 | H97: 🔒 잠긴 금고 | I97: 작년에 금화를 두 해 짜리 금고에 넣었는데, 역병 약초를 사야 해요. 금고지기가 말해요. "지금 열면 넣은 돈의 절반만 드려요." | J97: 절반만 받고 연다 [금화 +5, 역병 대비] | K97: 반만 돌려받았지만 약초를 샀어요. | L97: 금고는 두고 버틴다 | M97: 약초는 못 샀어요. 역병이 안 오길 바라요. | P97: 만기 전에 꺼내면 손해(중도해지). 그래서 바로 쓸 비상금은 따로 있어야 한다. | Q97: 2년차부터
A98: liq02 | B98: 일반 | C98: 유동성 · 만기 | D98: 이자 · 복리 | E98: 무역철 | F98: 1 | H98: 🧊 얼음 창고의 생선 | I98: 어부가 생선을 사래요. "얼음 창고에 넣어 두면 겨울에 두 배 값에 팔 수 있어요. 대신 겨울까진 못 꺼내요." 생선은 금화 6닢. | J98: 산다 [금화 −6, 내년 가을 금화 +12] | K98: 생선을 얼음 창고에 넣었어요. 겨울까진 잊어버려요. | L98: 안 산다 | M98: 금화는 손에 그대로예요. | P98: 더 벌려면 기다려야 하고, 기다리는 동안은 못 쓴다. 수익과 유동성의 교환.
A99: liq03 | B99: 일반 | C99: 유동성 · 만기 | D99: 물가, 상관 위험 | E99: 태풍 | F99: 3 | H99: 🌀 금화는 많은데 곡식이 없다 | I99: 금화는 넉넉한데 광이 비었어요. 태풍 예보에 모든 섬이 곡식을 사재기해서 곡식값이 세 배래요. | J99: 비싸게라도 곡식을 산다 [금화 −12, 곡식 +6] | K99: 비싸게 샀지만 겨울 곡식은 마련했어요. | L99: 곡식 대신 금화를 갖고 버틴다 | M99: 금화로 배를 채울 순 없어요. 겨울이 걱정돼요. | P99: 자산이 있어도 "필요한 형태"가 아니면 소용없다. 급할 때 바꾸면 비싸다. | Q99: 금화 12↑
A100: liq04 | B100: 일반 | C100: 유동성 · 만기 | D100: 이자 · 복리, 저축 · 비상금 | E100: 평온한 날 | F100: 2 | G100: Y | H100: 🏺 어디에 둘까 | I100: 금화 10닢이 생겼어요. 금고에 두면 언제든 꺼낼 수 있고, 길드 금고에 두 해 맡기면 늘어나지만 못 꺼내요. 반반 나눌 수도 있어요. | J100: 전부 우리 금고 [언제든 쓸 수 있음] | K100: 금화가 짤랑. 언제든 쓸 수 있어요. | L100: 전부 길드 금고 (두 해) [내년 가을 +13] | M100: 두 해 약속을 했어요. | N100: 반반 나눈다 [지금 +5, 내년 가을 +6] | O100: 반은 손에, 반은 길드에. | P100: 비상금(유동) + 장기 저축(수익)의 조합. 정답은 섬 상황(빚·예보)에 따라 다르다. | R100: 겨울에 급하게 금화가 필요했던 섬들은 길드 금고에서 못 꺼내 곤란했대요.
...

Sheet 선택지별 성향 점수
A1: 카드 ID | B1: 제목 | C1: 번호 | D1: 선택지 | E1: 효과 힌트 | F1: 위험 (안정− / 도전+) | G1: 시간 (현재− / 미래+) | H1: 판단 (자기− / 타인+) | I1: 읽기 쉽게 | J1: 점수 근거 | K1: 검토 의견
A2: v3trade | B2: 무역선 선장 | C2: 1 | D2: 맡기지 않는다 | E2: 금화는 그대로 | F2: -1 | G2: 0 | H2: 0 | I2: 안정 -1
A3: v3trade | B3: 무역선 선장 | C3: 2 | D3: 금화 10닢을 맡긴다 | E3: 절반은 남겨 둔다 | F3: 0 | G3: 0 | H3: 0 | I3: 성향 무관 | J3: 위험:걸기 시간:결과가나중(잠금)
A4: v3trade | B4: 무역선 선장 | C4: 3 | D4: 금화를 전부 맡긴다 | E4: 전부 걸면 전부 얻거나, 전부 잃거나 | F4: 1 | G4: 0 | H4: 0 | I4: 도전 +1 | J4: 위험:걸기(전부) 시간:결과가나중(잠금)
A5: v3seed | B5: 황금 씨앗 장수 | C5: 1 | D5: 산다 | E5: 금화 −15 | F5: 1 | G5: 0 | H5: 1 | I5: 도전 +1 · 타인참조 +1 | J5: 위험:고수익약속수용 판단:타인참조
A6: v3seed | B6: 황금 씨앗 장수 | C6: 2 | D6: 거절한다 | E6: "세 배"는 수상해 | F6: 0 | G6: 0 | H6: -1 | I6: 자기판단 -1 | J6: 판단:자기판단
A7: v3seed | B7: 황금 씨앗 장수 | C7: 3 | D7: 길드 상인에게 먼저 물어본다 | E7: 급할수록 확인 | F7: 0 | G7: 0 | H7: 1 | I7: 타인참조 +1 | J7: 판단:타인참조
A8: v3drought | B8: 가뭄 | C8: 1 | D8: 이웃 섬에서 물을 사 온다 | E8: 금화 −10, 수확은 지킴 | F8: -1 | G8: 0 | H8: 0 | I8: 안정 -1
A9: v3drought | B9: 가뭄 | C9: 2 | D9: 하늘에 맡긴다 | E9: 금화는 아낀다 | F9: 1 | G9: 0 | H9: 0 | I9: 도전 +1 | J9: 위험:대비안함
A10: v3carriage | B10: 왕도의 마차 장수 | C10: 1 | D10: 산다 | E10: 금화 −15 | F10: 0 | G10: -1 | H10: 1 | I10: 현재 -1 · 타인참조 +1 | J10: 시간:지금소비 판단:타인참조
A11: v3carriage | B11: 왕도의 마차 장수 | C11: 2 | D11: 사지 않는다 | E11: 길도 없는데 | F11: 0 | G11: 1 | H11: -1 | I11: 미래 +1 · 자기판단 -1 | J11: 판단:자기판단
A12: v3guild | B12: 길드 상인의 제안 | C12: 1 | D12: 외상으로 곡식 20섬을 받는다 | E12: 지금 곡식 +20, 세 가을에 나눠 갚기 | F12: 0 | G12: -1 | H12: 0 | I12: 현재 -1 | J12: 시간:외상·할부
A13: v3guild | B13: 길드 상인의 제안 | C13: 2 | D13: 거절한다 | E13: 지금 곡식으로 충분 | F13: 0 | G13: 1 | H13: 0 | I13: 미래 +1
A14: v3neighbor | B14: 이웃 섬 영주 | C14: 1 | D14: 빌려준다 | E14: 곡식 −10, 가을에 12섬 (못 받을 수도) | F14: 1 | G14: 0 | H14: 0 | I14: 도전 +1 | J14: 위험:걸기 시간:결과가나중(잠금)
A15: v3neighbor | B15: 이웃 섬 영주 | C15: 2 | D15: 거절한다 | E15: 우리 겨울도 걱정 | F15: -1 | G15: 0 | H15: 0 | I15: 안정 -1
A16: v3fisher | B16: 어부의 부탁 | C16: 1 | D16: 금화 5닢을 대준다 | E16: 가을에 곡식 +8 | F16: 0 | G16: 1 | H16: 0 | I16: 미래 +1 | J16: 시간:나중보상
A17: v3fisher | B17: 어부의 부탁 | C17: 2 | D17: 거절한다 | E17: 금화 5닢도 아깝다 | F17: 0 | G17: -1 | H17: 0 | I17: 현재 -1
A18: v3flood | B18: 폭우 | C18: 1 | D18: 확인 | F18: 0 | G18: 0 | H18: 0 | I18: 성향 무관
A19: sav01 | B19: 할머니의 항아리 | C19: 1 | D19: 항아리에 곡식 5섬을 먼저 넣는다 | E19: 곡식 −5, 다음 가을에 돌려받음 | F19: 0 | G19: 1 | H19: 1 | I19: 미래 +1 · 타인참조 +1 | J19: 시간:나중보상 판단:타인참조
A20: sav01 | B20: 할머니의 항아리 | C20: 2 | D20: 항아리는 부엌 구석에 둔다 | E20: 나중에 남으면 넣지 | F20: 0 | G20: -1 | H20: -1 | I20: 현재 -1 · 자기판단 -1 | J20: 판단:자기판단
A21: sav02 | B21: 태풍 소문과 비상 곡식 | C21: 1 | D21: 비상 곡식 10섬을 언덕 위 광에 따로 둔다 | E21: 곡식 −10 (내년 가을 돌아옴), 이번 겨울 태풍 피해 줄어듦 | F21: -1 | G21: 1 | H21: 0 | I21: 안정 -1 · 미래 +1 | J21: 위험:재난대비 시간:나중보상
A22: sav02 | B22: 태풍 소문과 비상 곡식 | C22: 2 | D22: 그냥 둔다 | E22: 어차피 다 같은 곡식 | F22: 1 | G22: -1 | H22: 0 | I22: 도전 +1 · 현재 -1
A23: sav03 | B23: 풍년 잔치 | C23: 1 | D23: 크게 잔치를 연다 | E23: 곡식 −12 | F23: 0 | G23: -1 | H23: 0 | I23: 현재 -1 | J23: 시간:지금소비
A24: sav03 | B24: 풍년 잔치 | C24: 2 | D24: 작게 열고 나머지는 모아 둔다 | E24: 곡식 −4 | F24: 0 | G24: 1 | H24: 0 | I24: 미래 +1 | J24: 시간:지금소비 시간:기다림·떼어둠
A25: sav03 | B25: 풍년 잔치 | C25: 3 | D25: 잔치 대신 창고를 손본다 | E25: 금화 −5, 곡식이 덜 썩음 | F25: 0 | G25: 0 | H25: 0 | I25: 성향 무관 | J25: 위험:보관
A26: sav04 | B26: 땔감 모으기 | C26: 1 | D26: 땔감을 넉넉히 해 둔다 | E26: 가을 수확 −5, 겨울 식량 −4 | F26: 0 | G26: 0 | H26: 0 | I26: 성향 무관 | J26: 시간:미래지출절감
A27: sav04 | B27: 땔감 모으기 | C27: 2 | D27: 밭일에 집중한다 | E27: 수확은 그대로 | F27: 0 | G27: 0 | H27: 0 | I27: 성향 무관
A28: sav05 | B28: 떠돌이 서커스 | C28: 1 | D28: 표를 산다 | E28: 금화 −8 | F28: 0 | G28: -1 | H28: 0 | I28: 현재 -1 | J28: 시간:지금소비
A29: sav05 | B29: 떠돌이 서커스 | C29: 2 | D29: 이번엔 안 간다 | E29: 금화 그대로 | F29: 0 | G29: 0 | H29: 0 | I29: 성향 무관
A30: sav05 | B30: 떠돌이 서커스 | C30: 3 | D30: 마지막 날 싼 표를 산다 | E30: 금화 −3, 하루 기다리기 | F30: 0 | G30: 1 | H30: 0 | I30: 미래 +1 | J30: 시간:지금소비 시간:기다림·떼어둠
A31: sav06 | B31: 흉년의 이웃 섬 | C31: 1 | D31: 광을 한 번 더 점검하고 틈을 막는다 | E31: 금화 −4 | F31: 0 | G31: 1 | H31: 0 | I31: 미래 +1 | J31: 위험:보관
A32: sav06 | B32: 흉년의 이웃 섬 | C32: 2 | D32: 남는 곡식을 비싸게 판다 | E32: 곡식 −10, 금화 +15 | F32: 0 | G32: -1 | H32: 0 | I32: 현재 -1 | J32: 시간:지금소비
A33: sav06 | B33: 흉년의 이웃 섬 | C33: 3 | D33: 아무것도 안 한다 | F33: 0 | G33: 1 | H33: 0 | I33: 미래 +1
A34: sav07 | B34: 대장간 화재 | C34: 1 | D34: 물을 퍼 나른다 | E34: 곡식 −6 | F34: 0 | G34: 0 | H34: 0 | I34: 성향 무관 | J34: 시간:지금소비 시간:수동
A35: sav07 | B35: 대장간 화재 | C35: 2 | D35: 금화로 소방대를 부른다 | E35: 금화 −8 | F35: 0 | G35: 0 | H35: 0 | I35: 성향 무관 | J35: 시간:지금소비 시간:수동
A36: sav08 | B36: 새로 온 가족 | C36: 1 | D36: 받아들인다 | E36: 올겨울 식량 +4, 내년부터 수확 +4 | F36: 0 | G36: 1 | H36: 0 | I36: 미래 +1 | J36: 시간:나중보상
A37: sav08 | B37: 새로 온 가족 | C37: 2 | D37: 다음 해에 오라고 한다 | F37: 0 | G37: -1 | H37: 0 | I37: 현재 -1
A38: sav09 | B38: 돼지 저금통 조개 | C38: 1 | D38: 금화 6닢을 넣고 봉한다 | E38: 금화 −6, 내년 가을에 돌려받음 | F38: 0 | G38: 1 | H38: 0 | I38: 미래 +1 | J38: 시간:나중보상
A39: sav09 | B39: 돼지 저금통 조개 | C39: 2 | D39: 필요 없다 | E39: 금고가 있잖아 | F39: 0 | G39: -1 | H39: 0 | I39: 현재 -1
A40: cmp01 | B40: 길드 금고의 약속 | C40: 1 | D40: 금화 10닢을 맡긴다 | E40: 이번 가을에 11닢으로 | F40: 0 | G40: 1 | H40: 0 | I40: 미래 +1 | J40: 시간:나중보상
A41: cmp01 | B41: 길드 금고의 약속 | C41: 2 | D41: 금고에 맡기지 않는다 | E41: 금화는 손에 | F41: 0 | G41: -1 | H41: 0 | I41: 현재 -1
A42: cmp02 | B42: 두 번 맡기기 | C42: 1 | D42: 한 해만 맡긴다 | E42: 금화 −10 → 이번 가을 11 | F42: 0 | G42: 0 | H42: 0 | I42: 성향 무관 | J42: 시간:나중보상
A43: cmp02 | B43: 두 번 맡기기 | C43: 2 | D43: 두 해 맡긴다 | E43: 금화 −10 → 내년 가을 13 | F43: 0 | G43: 0 | H43: 0 | I43: 성향 무관 | J43: 시간:나중보상
A44: cmp02 | B44: 두 번 맡기기 | C44: 3 | D44: 맡기지 않는다 | F44: 0 | G44: -1 | H44: 0 | I44: 현재 -1
A45: cmp03 | B45: 볍씨 남기기 | C45: 1 | D45: 좋은 볍씨 6섬을 남긴다 | E45: 곡식 −6, 내년 가을 +10 | F45: 0 | G45: 1 | H45: 1 | I45: 미래 +1 · 타인참조 +1 | J45: 시간:나중보상 시간:기다림·떼어둠 판단:타인참조
A46: cmp03 | B46: 볍씨 남기기 | C46: 2 | D46: 다 먹는다 | E46: 지금 배부르게 | F46: 0 | G46: -1 | H46: -1 | I46: 현재 -1 · 자기판단 -1 | J46: 판단:자기판단
A47: cmp04 | B47: 맡긴 금화를 꺼낼까 | C47: 1 | D47: 그대로 둔다 | E47: 내년 가을에 크게 | F47: 0 | G47: 1 | H47: 0 | I47: 미래 +1 | J47: 시간:나중보상
A48: cmp04 | B48: 맡긴 금화를 꺼낼까 | C48: 2 | D48: 꺼내서 망원경을 산다 | E48: 금화 +10 → 곧바로 −10 | F48: 0 | G48: -1 | H48: 0 | I48: 현재 -1 | J48: 시간:중도해지·급매
A49: cmp05 | B49: 두 가지 선물 | C49: 1 | D49: 지금 10닢 | E49: 금화 +10 | F49: 0 | G49: -1 | H49: 0 | I49: 현재 -1 | J49: 시간:지금받기
A50: cmp05 | B50: 두 가지 선물 | C50: 2 | D50: 내년 가을 15닢 | E50: 기다리기 | F50: 0 | G50: 1 | H50: 0 | I50: 미래 +1 | J50: 시간:나중보상 시간:기다림·떼어둠
A51: cmp06 | B51: 양 두 마리 | C51: 1 | D51: 산다 | E51: 금화 −12, 겨울 식량 +2, 이후 매년 곡식 | F51: 0 | G51: 1 | H51: 0 | I51: 미래 +1 | J51: 시간:나중보상
A52: cmp06 | B52: 양 두 마리 | C52: 2 | D52: 사지 않는다 | F52: 0 | G52: -1 | H52: 0 | I52: 현재 -1
A53: cmp07 | B53: 금고를 깰까 | C53: 1 | D53: 금고를 깨서 약초를 산다 | E53: 금화 −6, 이번 겨울 역병 대비 | F53: -1 | G53: -1 | H53: 0 | I53: 안정 -1 · 현재 -1 | J53: 위험:재난대비 시간:중도해지·급매
A54: cmp07 | B54: 금고를 깰까 | C54: 2 | D54: 금고는 두고 버틴다 | F54: 1 | G54: 1 | H54: 0 | I54: 도전 +1 · 미래 +1
A55: cmp08 | B55: 영주의 계산 시합 | C55: 1 | D55: "40닢이요!" | E55: 해마다 1닢씩 더하면… | F55: 0 | G55: 0 | H55: 0 | I55: 성향 무관
A56: cmp08 | B56: 영주의 계산 시합 | C56: 2 | D56: "100닢도 넘을 거예요" | E56: 늘어난 돈에도 또 붙으니까 | F56: 0 | G56: 0 | H56: 0 | I56: 성향 무관
A57: ins01 | B57: 파도막이 조합 | C57: 1 | D57: 조합에 들어간다 | E57: 금화 −5, 이번 겨울 태풍 피해 줄어듦 | F57: -1 | G57: 0 | H57: 0 | I57: 안정 -1 | J57: 위험:재난대비
A58: ins01 | B58: 파도막이 조합 | C58: 2 | D58: 들어가지 않는다 | E58: 5닢이 아까워 | F58: 1 | G58: 0 | H58: 0 | I58: 도전 +1
A59: ins02 | B59: 약초꾼의 제안 | C59: 1 | D59: 산다 | E59: 금화 −4, 이번 겨울 역병 대비 | F59: -1 | G59: 0 | H59: 0 | I59: 안정 -1 | J59: 위험:재난대비
A60: ins02 | B60: 약초꾼의 제안 | C60: 2 | D60: 안 산다 | E60: 역병 소문은 늘 있지 | F60: 1 | G60: 0 | H60: 0 | I60: 도전 +1
A61: ins03 | B61: 배 지킴이 계약 | C61: 1 | D61: 세 해 약속을 맺는다 | E61: 매 가을 금화 −3, 태풍 대비 | F61: -1 | G61: -1 | H61: 0 | I61: 안정 -1 · 현재 -1 | J61: 위험:재난대비 시간:나중부담
A62: ins03 | B62: 배 지킴이 계약 | C62: 2 | D62: 안 맺는다 | F62: 1 | G62: 1 | H62: 0 | I62: 도전 +1 · 미래 +1
A63: ins04 | B63: 물 저장 항아리 | C63: 1 | D63: 항아리를 산다 | E63: 금화 −6 | F63: -1 | G63: 0 | H63: 0 | I63: 안정 -1
A64: ins04 | B64: 물 저장 항아리 | C64: 2 | D64: 안 산다 | F64: 1 | G64: 0 | H64: 0 | I64: 도전 +1 | J64: 위험:대비안함
A65: ins05 | B65: 아까운 5닢 | C65: 1 | D65: 올해도 낸다 | E65: 금화 −5, 태풍 대비 | F65: -1 | G65: 0 | H65: -1 | I65: 안정 -1 · 자기판단 -1 | J65: 위험:재난대비 판단:자기판단
A66: ins05 | B66: 아까운 5닢 | C66: 2 | D66: 올해는 안 낸다 | E66: 금화 절약 | F66: 1 | G66: 0 | H66: 1 | I66: 도전 +1 · 타인참조 +1 | J66: 판단:타인참조
A67: ins06 | B67: 털옷 장수 | C67: 1 | D67: 털옷을 산다 | E67: 금화 −5, 이번 겨울 혹한 대비 | F67: -1 | G67: 0 | H67: 0 | I67: 안정 -1 | J67: 위험:재난대비
A68: ins06 | B68: 털옷 장수 | C68: 2 | D68: 안 산다 | F68: 1 | G68: 0 | H68: 0 | I68: 도전 +1
A69: ins07 | B69: 모래주머니 약속 | C69: 1 | D69: 3닢을 낸다 | E69: 금화 −3 | F69: 0 | G69: 0 | H69: 0 | I69: 성향 무관 | J69: 위험:걸기 시간:결과가나중(잠금)
A70: ins07 | B70: 모래주머니 약속 | C70: 2 | D70: 안 낸다 | F70: 0 | G70: 0 | H70: 0 | I70: 성향 무관 | J70: 위험:걸기 시간:결과가나중(잠금)
A71: ins08 | B71: 방파제 대신 보험 상인 | C71: 1 | D71: 상인과 계약한다 | E71: 금화 −5, 이번 겨울 태풍 대비 | F71: -1 | G71: 0 | H71: 0 | I71: 안정 -1 | J71: 위험:재난대비
A72: ins08 | B72: 방파제 대신 보험 상인 | C72: 2 | D72: 방파제를 짓기로 하고 거절한다 | E72: 봄에 짓기 | F72: 0 | G72: 0 | H72: 0 | I72: 성향 무관
A73: ins08 | B73: 방파제 대신 보험 상인 | C73: 3 | D73: 아무것도 안 한다 | E73: 올해는 예보가 없으니까 | F73: 0 | G73: 0 | H73: 0 | I73: 성향 무관
A74: ins09 | B74: 쥐 떼 소문 | C74: 1 | D74: 고양이를 들인다 | E74: 금화 −6, 겨울 식량 +1, 역병 대비 | F74: -1 | G74: 0 | H74: 0 | I74: 안정 -1 | J74: 위험:재난대비
A75: ins09 | B75: 쥐 떼 소문 | C75: 2 | D75: 들이지 않는다 | F75: 1 | G75: 0 | H75: 0 | I75: 도전 +1
A76: div01 | B76: 달걀 바구니 | C76: 1 | D76: 한 바구니에 다 담는다 | E76: 한 번에 들고 가기 편함 | F76: 1 | G76: 0 | H76: 0 | I76: 도전 +1
A77: div01 | B77: 달걀 바구니 | C77: 2 | D77: 두 바구니에 나눈다 | E77: 두 번 왔다 갔다 | F77: -1 | G77: 0 | H77: 0 | I77: 안정 -1
A78: div02 | B78: 배 두 척에 나눠 싣기 | C78: 1 | D78: 큰 배 한 척 | E78: 곡식 −12, 반반 확률로 금화 20 또는 0 | F78: 1 | G78: 0 | H78: 0 | I78: 도전 +1 | J78: 위험:걸기 시간:결과가나중(잠금)
A79: div02 | B79: 배 두 척에 나눠 싣기 | C79: 2 | D79: 작은 배 두 척 | E79: 곡식 −12, 대부분 금화 10~20 | F79: 0 | G79: 0 | H79: 0 | I79: 성향 무관 | J79: 위험:걸기 시간:결과가나중(잠금)
A80: div02 | B80: 배 두 척에 나눠 싣기 | C80: 3 | D80: 보내지 않는다 | F80: -1 | G80: 0 | H80: 0 | I80: 안정 -1
A81: div03 | B81: 한 가지 작물 | C81: 1 | D81: 전부 옥수수로 바꾼다 | E81: 가을 수확 크게 흔들림 | F81: 1 | G81: 0 | H81: 1 | I81: 도전 +1 · 타인참조 +1 | J81: 위험:걸기 시간:결과가나중(잠금) 판단:타인참조
A82: div03 | B82: 한 가지 작물 | C82: 2 | D82: 절반만 바꾼다 | E82: 가을 수확 조금 흔들림 | F82: 0 | G82: 0 | H82: 0 | I82: 성향 무관 | J82: 위험:걸기 시간:결과가나중(잠금)
A83: div03 | B83: 한 가지 작물 | C83: 3 | D83: 하던 대로 한다 | F83: -1 | G83: 0 | H83: -1 | I83: 안정 -1 · 자기판단 -1 | J83: 판단:자기판단
A84: div04 | B84: 두 섬에 광 짓기 | C84: 1 | D84: 무인도에 광을 짓는다 | E84: 금화 −12, 이번 겨울 모든 재난 피해 줄어듦 | F84: -1 | G84: 0 | H84: 0 | I84: 안정 -1 | J84: 위험:재난대비
A85: div04 | B85: 두 섬에 광 짓기 | C85: 2 | D85: 그 돈으로 방파제를 준비한다 | E85: 봄에 짓기 | F85: 0 | G85: 0 | H85: 0 | I85: 성향 무관
A86: div04 | B86: 두 섬에 광 짓기 | C86: 3 | D86: 필요 없다 | F86: 0 | G86: 0 | H86: 0 | I86: 성향 무관
A87: div05 | B87: 과수원 아저씨 | C87: 1 | D87: 사과나무를 심는다 | E87: 올해 수확 −3, 내년 가을 곡식 +8 | F87: 0 | G87: 1 | H87: 0 | I87: 미래 +1 | J87: 시간:나중보상
A88: div05 | B88: 과수원 아저씨 | C88: 2 | D88: 벼만 키운다 | F88: 0 | G88: -1 | H88: 0 | I88: 현재 -1
A89: div06 | B89: 고기잡이도 해 볼까 | C89: 1 | D89: 그물을 산다 | E89: 금화 −5, 가을에 곡식 +7 | F89: 0 | G89: 1 | H89: 1 | I89: 미래 +1 · 타인참조 +1 | J89: 시간:나중보상 판단:타인참조
A90: div06 | B90: 고기잡이도 해 볼까 | C90: 2 | D90: 밭만 믿는다 | F90: 0 | G90: -1 | H90: -1 | I90: 현재 -1 · 자기판단 -1 | J90: 판단:자기판단
A91: div07 | B91: 세 상단의 제안 | C91: 1 | D91: 향신료 상단에 12닢 몰아주기 | E91: 제일 크게 벌 수도 | F91: 1 | G91: 0 | H91: 0 | I91: 도전 +1 | J91: 위험:걸기 시간:결과가나중(잠금)
A92: div07 | B92: 세 상단의 제안 | C92: 2 | D92: 셋에 4닢씩 나누기 | E92: 크게는 못 벌어도 덜 흔들림 | F92: 0 | G92: 0 | H92: 0 | I92: 성향 무관 | J92: 위험:걸기 시간:결과가나중(잠금)
A93: div07 | B93: 세 상단의 제안 | C93: 3 | D93: 아무 데도 안 건다 | F93: -1 | G93: 0 | H93: 0 | I93: 안정 -1
A94: crd01 | B94: 외상 장부 첫 장 | C94: 1 | D94: 곡식 10섬을 외상으로 받는다 | E94: 곡식 +10, 매 가을 조금씩 갚기 | F94: 0 | G94: -1 | H94: 0 | I94: 현재 -1 | J94: 시간:외상·할부
A95: crd01 | B95: 외상 장부 첫 장 | C95: 2 | D95: 장부만 만들어 둔다 | E95: 지금은 안 씀 | F95: 0 | G95: 1 | H95: 0 | I95: 미래 +1
A96: crd02 | B96: 축제 외상 | C96: 1 | D96: 외상으로 실컷 먹는다 | E96: 장부 +8 (나중에 갚기) | F96: 0 | G96: -1 | H96: 0 | I96: 현재 -1 | J96: 시간:외상·할부
A97: crd02 | B97: 축제 외상 | C97: 2 | D97: 가진 금화 안에서만 먹는다 | E97: 금화 −3 | F97: 0 | G97: 0 | H97: 0 | I97: 성향 무관
A98: crd02 | B98: 축제 외상 | C98: 3 | D98: 구경만 한다 | F98: 0 | G98: 0 | H98: 0 | I98: 성향 무관
A99: crd03 | B99: 급한 배 수리 | C99: 1 | D99: 외상으로 고친다 | E99: 장부 +15, 가을 곡식 판매 가능 | F99: 0 | G99: -1 | H99: 0 | I99: 현재 -1 | J99: 시간:외상·할부
A100: crd03 | B100: 급한 배 수리 | C100: 2 | D100: 금화로 고친다 | E100: 금화 −15 | F100: 0 | G100: 0 | H100: 0 | I100: 성향 무관
...

Sheet 순찰 소문 · 추가 선택지
A1: 카드 ID | B1: 제목 | C1: 기본 덱 | D1: 순찰 소문 | E1: ✨추가 선택지 | F1: 효과 | G1: 결과 문장 | H1: 성향 점수 (위험/시간/판단) | I1: 검토 의견
A2: due02 | B2: 장부의 날 바로 전 | C2: Y | D2: 금고 안 금화는 내일 장부의 날 몫과 딱 같아요. 1닢도 남지 않아요. | E2: 장부의 날 몫을 따로 떼어 두고 남는지 본다 | F2: 변화 없음 (연대기에 남음) | G2: 장부의 날 몫을 주머니에 따로 넣었어요. 남는 게 없네요. 구두는 다음에 봐요. | H2: 0/1/-1
A3: grt01 | B3: 친구 영주의 부탁 | C3: Y | D3: 보증인이 되면, 친구가 못 갚을 때 그 빚을 대신 갚아야 해요. 친구 섬도 올해 흉년이에요. | E3: 보증 대신 곡식 6섬을 그냥 준다 | F3: 곡식 -6 · 신뢰 +1 | G3: "이름은 못 써 주지만, 이건 그냥 가져가." 소식을 들은 길드 상인이 고개를 끄덕였어요. | H3: -1/0/-1
A4: sav01 | B4: 할머니의 항아리 | C4: Y | D4: 섬사람들 말로는, '남으면 넣지' 한 집은 항아리가 늘 비어 있었대요. | E4: 곡식 3섬만 먼저 넣는다 | F4: 곡식 -3 · 다음 가을 곡식 +3 | G4: 작은 한 줌이지만 먼저 넣었어요. 뚜껑을 닫으니 꺼내 먹을 생각도 안 나요. | H4: 0/1/-1
A5: v3carriage | B5: 왕도의 마차 장수 | C5: Y | D5: 이 장수는 다른 섬 세 곳에도 마차를 팔았는데, 다 항구 옆에 세워져 있대요. | E5: 마차 대신 섬에 길부터 놓을 수 있는지 묻는다 | F5: 변화 없음 (연대기에 남음) | G5: 장수가 머리를 긁적였어요. "길이요? 그건 제 장사가 아닌데요." 금화 15닢은 금고에 남았고, 길을 놓을 생각은 연대기에 남았어요. | H5: 0/1/-1
A6: v3guild | B6: 길드 상인의 제안 | C6: Y | D6: 길드 서기 말로는, 세 가을에 나눠 갚으면 받은 곡식보다 더 많이 갚게 된대요. | E6: 절반(10섬)만 외상으로 받는다 | F6: 외상 10섬 · 3가을 나눠 갚기 | G6: 필요한 만큼만 받았어요. 장부에는 절반만 올랐어요. 매 가을 {pay}닢씩 갚아요. | H6: 0/0/-1
A7: v3neighbor | B7: 이웃 섬 영주 | C7: Y | D7: 이웃 섬 창고를 본 어부 말로는, 그 섬 창고도 거의 비었대요. | E7: 5섬만 빌려준다 | F7: 곡식 5 걸기 · 70%로 6 돌려받음 | G7: 곡식 5섬만 실어 보냈어요. 못 받아도 겨울은 버틸 만큼이에요. | H7: 0/0/-1
A8: bud04 | B8: 가을 장부의 날 계산 | C8: Y | D8: 장부의 날에 못 낸 섬은 길드 신뢰가 깎였대요.
A9: cc10 | B9: 한도를 다 쓸까 | C9: Y | D9: 섬 기록을 보니, 한도를 꽉 채운 영주들은 급한 일이 생겨도 인장을 못 썼대요.
A10: cmp01 | B10: 길드 금고의 약속 | C10: Y | D10: 길드 금고는 백 년째 문을 열었고, 약속을 어긴 적이 없대요.
A11: cmp02 | B11: 두 번 맡기기 | C11: Y | D11: 길드 장부를 보니, 오래 맡길수록 늘어난 금화에 또 얹혀서 점점 빨리 불어나요.
A12: cmp05 | B12: 두 가지 선물 | C12: Y | D12: 길드장은 약속 증서를 한 번도 어긴 적이 없대요. 내년 가을엔 정말 15닢이에요.
A13: con02 | B13: 인장 없는 장부 | C13: Y | D13: 이 상인과 거래한 섬의 장부를 보니, 나중에 얹는 몫이 몰래 커져 있었대요.
A14: cor01 | B14: 태풍 하나, 피해 셋 | C14: Y | D14: 작년 태풍 때 바다 벌이만 하던 섬은 한 해 금화 벌이가 거의 없었대요.
A15: crd03 | B15: 급한 배 수리 | C15: Y | D15: 배가 없으면 가을 곡식 판매가 통째로 사라져요. 한 해 금화 벌이가 거기 달려 있어요.
A16: crd06 | B16: 빚 갚으려 빚 내기 | C16: Y | D16: 이 대부업자에게 빌린 섬들은 다음 해에 더 큰 빚을 졌대요. 길드는 미리 말하면 기다려 준 적이 많대요.
A17: div01 | B17: 달걀 바구니 | C17: Y | D17: 아침에 비가 와서, 시장 가는 언덕길이 진흙탕이래요.
A18: div02 | B18: 배 두 척에 나눠 싣기 | C18: Y | D18: 뱃사람들 말로는, 거친 바다에서 두 척이 한꺼번에 가라앉는 일은 드물대요.
A19: inc03 | B19: 가판대 하나 | C19: Y | D19: 가판대는 두 해 동안 가을마다 4닢, 모두 8닢을 벌어 줘요. 짓는 값과 딱 같아요.
... A34: v3trade | B34: 무역선 선장 | C34: Y | D34: 항구 기록을 보니, 이 선장의 배는 지난 열 번 중 다섯 번만 돌아왔어요.

Sheet 개념별 카드 수
A1: 금융 개념 | B1: 뜻(연대기 문구) | C1: 주개념 카드 수 | D1: 기본 덱 안의 카드 수
A2: 저축 · 비상금 | B2: 쓰고 남은 게 아니라, 먼저 떼어 둔 것이 나를 지켜요 | C2: =COUNTIF('카드 목록'!$C$2:$C$162,A2) | D2: =COUNTIFS('카드 목록'!$C$2:$C$162,A2,'카드 목록'!$G$2:$G$162,"Y")
A3: 이자 · 복리 | B3: 늘어난 돈에 또 이자가 붙어요. 시간이 일을 해요 | C3: =COUNTIF('카드 목록'!$C$2:$C$162,A3) | D3: =COUNTIFS('카드 목록'!$C$2:$C$162,A3,'카드 목록'!$G$2:$G$162,"Y")
A4: 보험 | B4: 작은 비용을 미리 내고 큰 손실을 나눠 져요 | C4: =COUNTIF('카드 목록'!$C$2:$C$162,A4) | D4: =COUNTIFS('카드 목록'!$C$2:$C$162,A4,'카드 목록'!$G$2:$G$162,"Y")
A5: 분산 | B5: 한 바구니에 달걀을 다 담지 않기 | C5: =COUNTIF('카드 목록'!$C$2:$C$162,A5) | D5: =COUNTIFS('카드 목록'!$C$2:$C$162,A5,'카드 목록'!$G$2:$G$162,"Y")
A6: 신용 · 대출 | B6: 빚은 나중의 나와 한 약속. 이자는 빌린 값이에요 | C6: =COUNTIF('카드 목록'!$C$2:$C$162,A6) | D6: =COUNTIFS('카드 목록'!$C$2:$C$162,A6,'카드 목록'!$G$2:$G$162,"Y")
A7: 할부 | B7: 나눠 내면 한 번의 부담은 작지만 총액과 기간이 늘어요 | C7: =COUNTIF('카드 목록'!$C$2:$C$162,A7) | D7: =COUNTIFS('카드 목록'!$C$2:$C$162,A7,'카드 목록'!$G$2:$G$162,"Y")
A8: 결제일 | B8: 정해진 날 돈이 빠져나가요. 그날 금고를 비워 두면 안 돼요 | C8: =COUNTIF('카드 목록'!$C$2:$C$162,A8) | D8: =COUNTIFS('카드 목록'!$C$2:$C$162,A8,'카드 목록'!$G$2:$G$162,"Y")
A9: 신용 한도 | B9: 믿음만큼만 빌릴 수 있어요. 한도는 내 돈이 아니에요 | C9: =COUNTIF('카드 목록'!$C$2:$C$162,A9) | D9: =COUNTIFS('카드 목록'!$C$2:$C$162,A9,'카드 목록'!$G$2:$G$162,"Y")
A10: 연체 · 신용점수 | B10: 약속을 어긴 기록은 오래 남아요 | C10: =COUNTIF('카드 목록'!$C$2:$C$162,A10) | D10: =COUNTIFS('카드 목록'!$C$2:$C$162,A10,'카드 목록'!$G$2:$G$162,"Y")
A11: 기회비용 | B11: 하나를 고르면 다른 하나를 포기해요 | C11: =COUNTIF('카드 목록'!$C$2:$C$162,A11) | D11: =COUNTIFS('카드 목록'!$C$2:$C$162,A11,'카드 목록'!$G$2:$G$162,"Y")
A12: 필요 vs 욕구 | B12: 갖고 싶은 것과 꼭 필요한 것은 달라요 | C12: =COUNTIF('카드 목록'!$C$2:$C$162,A12) | D12: =COUNTIFS('카드 목록'!$C$2:$C$162,A12,'카드 목록'!$G$2:$G$162,"Y")
A13: 예산 | B13: 쓰기 전에 미래 몫부터 정해요 | C13: =COUNTIF('카드 목록'!$C$2:$C$162,A13) | D13: =COUNTIFS('카드 목록'!$C$2:$C$162,A13,'카드 목록'!$G$2:$G$162,"Y")
... A32: 연회비 · 수수료 | B32: 혜택보다 비용이 크면 손해예요 | C32: =COUNTIF('카드 목록'!$C$2:$C$162,A32) | D32: =COUNTIFS('카드 목록'!$C$2:$C$162,A32,'카드 목록'!$G$2:$G$162,"Y")
A33: 합계 | C33: =SUM(C2:C32) | D33: =SUM(D2:D32)

Sheet 새 카드 제안
A1: 제안자 | B1: 숨은 개념 | C1: 계절 이벤트 | D1: 난이도(1~3) | E1: 제목·손님 | F1: 상황(2~3문장) | G1: 선택지 1 | H1: 결과 1 | I1: 선택지 2 | J1: 결과 2 | K1: 선택지 3 | L1: 결과 3 | M1: 선생님용 해설 | N1: 메모
A2: (예시) | B2: 보험 | C2: 태풍 | D2: 2 | E2: 🛶 뗏목 조합 | F2: 어부들이 모여 말해요. "태풍에 배가 부서지면 서로 뗏목을 빌려주자! 대신 매 가을 곡식 2섬씩 모으자." | G2: 조합에 들어간다 [곡식 −2, 태풍 대비] | H2: 어부들이 손을 모았어요. 혼자가 아니라서 든든해요. | I2: 들어가지 않는다 | J2: 곡식 2섬을 아꼈어요. 올겨울 바다가 조용하길 바라요. | M2: 보험의 원리 — 여럿이 조금씩 내서 운 나쁜 한 명의 큰 손실을 나눠 진다. | N2: 예시 행이에요. 지우지 말고 아래부터 적어 주세요.
